"time","text"
2025-08-01 17:26:15,Success
2025-08-19 05:58:02,Success
2025-08-21 05:59:34,Success
2025-08-21 16:50:58,Success
2025-08-21 16:51:18,Success
2025-08-22 14:46:06,Success
2025-09-03 05:58:32,Success
2025-09-09 05:58:00,Success
2025-09-09 14:22:47,Success
2025-09-10 05:32:02,Success
2025-09-10 05:59:31,Success
2025-09-10 12:31:40,Success
2025-09-10 15:23:57,Timeout
2025-09-08 05:29:24,Success
2025-09-08 05:57:37,Success
2025-09-08 14:22:01,Success
2025-09-09 05:30:10,Success
2025-09-14 13:55:34,Success
2025-08-13 05:49:49,Success
2025-08-13 15:32:47,Success
2025-08-13 15:32:56,Success
2025-08-14 05:49:30,Success
2025-08-15 05:58:43,Success
2025-09-16 05:14:45,Timeout
2025-09-16 05:57:30,Timeout
2025-09-17 05:56:28,Timeout

