#time,current,voltage,power,charge,energy
0.0,0.000814955,2.795,0.00227746,0,0
0.1,0.000810252,2.79505,0.00226441,8.10251e-05,0.000226441
0.2,0.000807811,2.79509,0.00225763,0.000161806,0.000452203
0.3,0.000807854,2.79504,0.00225771,0.000242591,0.000677974
0.4,0.000810499,2.79506,0.00226512,0.000323642,0.000904487
0.5,0.000822624,2.79486,0.00229869,0.000405904,0.00113436
0.6,0.000808917,2.795,0.00226064,0.000486795,0.00136042
0.7,0.000828484,2.79478,0.00231492,0.000569644,0.00159191
0.8,0.000808236,2.79502,0.00225877,0.000650467,0.00181779
0.9,0.000808857,2.79498,0.00226046,0.000731353,0.00204383
1.0,0.000808422,2.79501,0.00225927,0.000812195,0.00226976
1.1,0.000808323,2.79508,0.00225904,0.000893028,0.00249567
1.2,0.00080977,2.79507,0.00226309,0.000974005,0.00272197
1.3,0.000807705,2.79509,0.00225733,0.00105477,0.00294771
1.4,0.000811212,2.79505,0.0022671,0.0011359,0.00317442
1.5,0.000808825,2.79508,0.00226045,0.00121678,0.00340046
1.6,0.000808402,2.79505,0.00225924,0.00129762,0.00362639
1.7,0.000808443,2.79505,0.00225936,0.00137846,0.00385232
1.8,0.000808919,2.79505,0.00226069,0.00145936,0.00407839
1.9,0.000808795,2.79503,0.00226033,0.00154023,0.00430442
2.0,0.000816174,2.79495,0.00228083,0.00162185,0.00453251
2.1,0.000808769,2.79501,0.00226023,0.00170273,0.00475853
2.2,0.000807858,2.79505,0.00225772,0.00178351,0.0049843
2.3,0.000808165,2.79499,0.00225853,0.00186433,0.00521016
2.4,0.00081035,2.79498,0.00226463,0.00194537,0.00543662
2.5,0.000808562,2.79502,0.00225967,0.00202622,0.00566258
2.6,0.000808014,2.79508,0.00225818,0.00210702,0.0058884
2.7,0.00082294,2.79485,0.00229953,0.00218932,0.00611835
2.8,0.000813697,2.79498,0.00227394,0.00227069,0.00634575
2.9,0.000807712,2.7951,0.00225735,0.00235146,0.00657148
3.0,0.000807486,2.79514,0.00225676,0.00243221,0.00679716
3.1,0.000808229,2.79506,0.00225877,0.00251303,0.00702304
3.2,0.000809399,2.79507,0.00226205,0.00259397,0.00724924
3.3,0.000808432,2.79506,0.00225934,0.00267481,0.00747518
3.4,0.000810422,2.79503,0.00226488,0.00275586,0.00770166
3.5,0.00080918,2.79501,0.00226138,0.00283677,0.0079278
3.6,0.000808383,2.79505,0.0022592,0.00291761,0.00815372
3.7,0.000807869,2.79507,0.00225778,0.0029984,0.0083795
3.8,0.000808772,2.79507,0.00226029,0.00307928,0.00860553
3.9,0.000808198,2.79506,0.00225869,0.0031601,0.0088314
4.0,0.000808518,2.79499,0.00225952,0.00324095,0.00905735
4.1,0.000808238,2.79508,0.00225881,0.00332177,0.00928323
4.2,0.000816966,2.79497,0.00228306,0.00340347,0.00951154
4.3,0.000808108,2.79495,0.00225834,0.00348428,0.00973737
4.4,0.000810143,2.79502,0.00226406,0.00356529,0.00996378
4.5,0.000808228,2.79505,0.00225876,0.00364612,0.0101897
4.6,0.000808097,2.79496,0.00225833,0.00372693,0.0104155
4.7,0.000821082,2.79485,0.00229435,0.00380903,0.0106449
4.8,0.000808979,2.79501,0.00226082,0.00388993,0.010871
4.9,0.000817242,2.79498,0.00228382,0.00397166,0.0110994
5.0,0.000806112,2.79503,0.00225283,0.00405227,0.0113247
5.1,0.000807936,2.79502,0.00225791,0.00413306,0.0115505
5.2,0.000808897,2.79503,0.00226062,0.00421395,0.0117765
5.3,0.000821941,2.79478,0.00229671,0.00429614,0.0120062
5.4,0.000810453,2.79503,0.00226496,0.00437719,0.0122327
5.5,0.000808403,2.79505,0.00225925,0.00445803,0.0124586
5.6,0.0008083,2.79507,0.00225898,0.00453886,0.0126845
5.7,0.00080842,2.79504,0.00225927,0.0046197,0.0129104
5.8,0.000808043,2.79504,0.00225824,0.00470051,0.0131363
5.9,0.000808127,2.79503,0.00225846,0.00478132,0.0133621
6.0,0.000807815,2.79505,0.00225761,0.0048621,0.0135879
6.1,0.000808001,2.7951,0.00225817,0.0049429,0.0138137
6.2,0.000816339,2.79501,0.00228133,0.00502453,0.0140418
6.3,0.000806586,2.79513,0.00225424,0.00510519,0.0142672
6.4,0.000810181,2.79501,0.00226417,0.00518621,0.0144937
6.5,0.000807607,2.79506,0.00225704,0.00526697,0.0147194
6.6,0.000808371,2.79506,0.00225917,0.00534781,0.0149453
6.7,0.000820995,2.79487,0.00229413,0.00542991,0.0151747
6.8,0.000818958,2.79491,0.00228855,0.0055118,0.0154036
6.9,0.00081122,2.79498,0.00226705,0.00559293,0.0156303
7.0,0.000807541,2.79501,0.00225681,0.00567368,0.0158559
7.1,0.000807852,2.79497,0.00225764,0.00575446,0.0160817
7.2,0.000808145,2.79506,0.00225854,0.00583528,0.0163076
7.3,0.000808009,2.79507,0.00225816,0.00591608,0.0165334
7.4,0.000812985,2.79493,0.00227196,0.00599738,0.0167606
7.5,0.00080897,2.79503,0.00226081,0.00607828,0.0169866
7.6,0.000808375,2.79504,0.00225916,0.00615911,0.0172126
7.7,0.000808772,2.79507,0.00226029,0.00623999,0.0174386
7.8,0.00080807,2.79506,0.00225833,0.0063208,0.0176644
7.9,0.000808319,2.79505,0.00225902,0.00640163,0.0178903
8.0,0.00080889,2.79508,0.00226063,0.00648252,0.0181164
8.1,0.000808296,2.79501,0.00225892,0.00656335,0.0183423
8.2,0.0008086,2.79501,0.00225977,0.00664421,0.0185683
8.3,0.00081723,2.79499,0.0022838,0.00672593,0.0187966
8.4,0.000809506,2.79503,0.0022623,0.00680688,0.0190229
8.5,0.000807572,2.79508,0.00225693,0.00688764,0.0192486
8.6,0.000807569,2.79509,0.00225695,0.0069684,0.0194743
8.7,0.000821306,2.79488,0.002295,0.00705053,0.0197038
8.8,0.000807991,2.79506,0.00225811,0.00713132,0.0199296
8.9,0.000808194,2.79506,0.00225866,0.00721214,0.0201554
9.0,0.000816867,2.79499,0.00228279,0.00729383,0.0203837
9.1,0.000807631,2.79501,0.00225705,0.00737459,0.0206094
9.2,0.000808086,2.79507,0.00225838,0.0074554,0.0208353
9.3,0.000807759,2.795,0.00225741,0.00753618,0.021061
9.4,0.000809814,2.79507,0.0022632,0.00761716,0.0212873
9.5,0.000808627,2.79506,0.00225989,0.00769802,0.0215133
9.6,0.000807827,2.79509,0.00225768,0.00777881,0.0217391
9.7,0.000808069,2.79505,0.00225832,0.00785961,0.0219649
9.8,0.000809039,2.79505,0.00226102,0.00794052,0.022191
9.9,0.000808534,2.79507,0.00225963,0.00802137,0.022417
10.0,0.000817045,2.79494,0.00228325,0.00810307,0.0226453
10.1,0.00081554,2.79495,0.00227904,0.00818463,0.0228732
10.2,0.000811373,2.79508,0.00226754,0.00826576,0.0231
10.3,0.00081615,2.79494,0.00228076,0.00834738,0.023328
10.4,0.000809047,2.79504,0.00226102,0.00842828,0.0235541
10.5,0.000807697,2.79509,0.00225731,0.00850905,0.0237799
10.6,0.000808043,2.79507,0.00225826,0.00858986,0.0240057
10.7,0.000820873,2.79484,0.00229375,0.00867195,0.0242351
10.8,0.000807442,2.795,0.00225652,0.00875269,0.0244607
10.9,0.000806889,2.79506,0.00225503,0.00883338,0.0246862
11.0,0.000815088,2.79496,0.00227779,0.00891489,0.024914
11.1,0.000805709,2.79505,0.00225173,0.00899546,0.0251392
11.2,0.000807106,2.79509,0.00225566,0.00907617,0.0253647
11.3,0.000806475,2.79514,0.00225393,0.00915682,0.0255901
11.4,0.000808782,2.79507,0.00226032,0.0092377,0.0258162
11.5,0.000807019,2.79508,0.0022554,0.0093184,0.0260417
11.6,0.000807177,2.79513,0.00225589,0.00939911,0.0262673
11.7,0.000806711,2.79505,0.00225451,0.00947979,0.0264927
11.8,0.000806132,2.79506,0.00225291,0.0095604,0.026718
11.9,0.000806734,2.79505,0.0022546,0.00964107,0.0269435
12.0,0.00080721,2.79507,0.00225592,0.00972179,0.0271691
12.1,0.00080685,2.79508,0.00225493,0.00980248,0.0273946
12.2,0.000806809,2.79511,0.00225485,0.00988316,0.0276201
12.3,0.000806876,2.79507,0.002255,0.00996385,0.0278456
12.4,0.00081753,2.79494,0.00228461,0.0100456,0.028074
12.5,0.000807406,2.79505,0.00225646,0.0101263,0.0282997
12.6,0.000806985,2.79504,0.00225527,0.010207,0.0285252
12.7,0.000819632,2.79481,0.00229028,0.010289,0.0287542
12.8,0.000807155,2.79504,0.00225576,0.0103697,0.0289798
12.9,0.000807517,2.79505,0.00225676,0.0104505,0.0292055
13.0,0.000812655,2.79504,0.00227108,0.0105317,0.0294326
13.1,0.000810284,2.7949,0.00226437,0.0106128,0.029659
13.2,0.00080801,2.795,0.0022581,0.0106936,0.0298848
13.3,0.000806505,2.79504,0.00225394,0.0107742,0.0301102
13.4,0.000809276,2.79502,0.00226167,0.0108551,0.0303364
13.5,0.000807691,2.79507,0.00225728,0.0109359,0.0305621
13.6,0.000807197,2.79503,0.00225587,0.0110166,0.0307877
13.7,0.000807356,2.79507,0.00225634,0.0110974,0.0310133
13.8,0.000807648,2.79508,0.00225716,0.0111781,0.0312391
13.9,0.000807391,2.79506,0.00225643,0.0112589,0.0314647
14.0,0.000807673,2.79503,0.0022572,0.0113396,0.0316904
14.1,0.000807371,2.79509,0.00225639,0.0114204,0.0319161
14.2,0.000807804,2.79501,0.00225754,0.0115012,0.0321418
14.3,0.000807726,2.79502,0.00225733,0.0115819,0.0323675
14.4,0.000808926,2.79507,0.00226073,0.0116628,0.0325936
14.5,0.000816155,2.79495,0.00228076,0.0117444,0.0328217
14.6,0.000807234,2.79505,0.00225598,0.0118252,0.0330473
14.7,0.000819652,2.79492,0.00229041,0.0119071,0.0332763
14.8,0.000821762,2.79487,0.00229628,0.0119893,0.033506
14.9,0.000807704,2.79502,0.00225726,0.0120701,0.0337317
15.0,0.00081349,2.79502,0.00227339,0.0121514,0.033959
15.1,0.000809978,2.79497,0.00226356,0.0122324,0.0341854
15.2,0.000808653,2.79504,0.00225994,0.0123133,0.0344114
15.3,0.000808274,2.79508,0.00225891,0.0123941,0.0346373
15.4,0.000809617,2.79502,0.00226262,0.0124751,0.0348635
15.5,0.000808962,2.79505,0.00226081,0.012556,0.0350896
15.6,0.000807903,2.79502,0.00225783,0.0126368,0.0353154
15.7,0.000808132,2.79504,0.00225847,0.0127176,0.0355412
15.8,0.000808506,2.79506,0.00225954,0.0127984,0.0357672
15.9,0.000808096,2.79506,0.00225839,0.0128792,0.035993
16.0,0.000807877,2.79505,0.00225778,0.01296,0.0362188
16.1,0.000808183,2.79502,0.00225861,0.0130408,0.0364447
16.2,0.000807629,2.79507,0.00225711,0.0131216,0.0366704
16.3,0.000808222,2.79503,0.00225872,0.0132024,0.0368963
16.4,0.000809168,2.79505,0.00226139,0.0132833,0.0371224
16.5,0.000817011,2.79492,0.00228313,0.013365,0.0373507
16.6,0.000806515,2.79504,0.00225397,0.0134457,0.0375761
16.7,0.000819659,2.79488,0.00229041,0.0135277,0.0378051
16.8,0.000807704,2.79503,0.00225728,0.0136084,0.0380309
16.9,0.000808184,2.79509,0.00225866,0.0136892,0.0382567
17.0,0.00080784,2.79508,0.00225771,0.01377,0.0384825
17.1,0.00081579,2.79498,0.00227977,0.0138516,0.0387105
17.2,0.000809641,2.79505,0.0022627,0.0139326,0.0389368
17.3,0.000806786,2.79507,0.00225475,0.0140133,0.0391622
17.4,0.000809583,2.79507,0.00226257,0.0140942,0.0393885
17.5,0.00080839,2.7951,0.00225925,0.014175,0.0396144
17.6,0.000808027,2.79511,0.00225825,0.0142559,0.0398402
17.7,0.000807902,2.79509,0.00225787,0.0143366,0.040066
17.8,0.000807667,2.79508,0.00225721,0.0144174,0.0402918
17.9,0.000808192,2.79504,0.00225865,0.0144982,0.0405176
18.0,0.000808085,2.7951,0.00225839,0.014579,0.0407435
18.1,0.000807696,2.79509,0.00225731,0.0146598,0.0409692
18.2,0.000808066,2.7951,0.00225835,0.0147406,0.041195
18.3,0.000807735,2.79507,0.0022574,0.0148214,0.0414208
18.4,0.000809332,2.79502,0.00226183,0.0149023,0.0416469
18.5,0.000808781,2.79505,0.0022603,0.0149832,0.041873
18.6,0.000817137,2.79492,0.00228348,0.0150649,0.0421013
18.7,0.000818686,2.79484,0.00228763,0.0151468,0.0423301
18.8,0.00080777,2.79497,0.00225742,0.0152276,0.0425558
18.9,0.000808435,2.79504,0.00225933,0.0153084,0.0427818
19.0,0.000808413,2.79504,0.00225927,0.0153892,0.0430077
19.1,0.000807457,2.79505,0.00225661,0.01547,0.0432333
19.2,0.000808626,2.79499,0.00225983,0.0155508,0.0434593
19.3,0.000816541,2.79492,0.00228182,0.0156325,0.0436875
19.4,0.000808694,2.79503,0.00226004,0.0157134,0.0439135
19.5,0.00080768,2.79501,0.00225719,0.0157941,0.0441392
19.6,0.00082178,2.79485,0.00229632,0.0158763,0.0443689
19.7,0.000808535,2.79498,0.00225956,0.0159572,0.0445948
19.8,0.000815371,2.7949,0.00227857,0.0160387,0.0448227
19.9,0.000819696,2.79483,0.00229061,0.0161207,0.0450517
20.0,0.000807849,2.79503,0.00225769,0.0162015,0.0452775
20.1,0.000808049,2.79502,0.00225823,0.0162823,0.0455033
20.2,0.000808369,2.79501,0.00225912,0.0163631,0.0457292
20.3,0.000808338,2.79496,0.00225899,0.0164439,0.0459551
20.4,0.000810028,2.795,0.00226375,0.0165249,0.0461815
20.5,0.000813421,2.79495,0.00227315,0.0166063,0.0464088
20.6,0.000811879,2.79499,0.00226889,0.0166875,0.0466357
20.7,0.000819447,2.79481,0.00228974,0.0167694,0.0468647
20.8,0.000808753,2.79503,0.00226021,0.0168503,0.0470907
20.9,0.000807959,2.79504,0.002258,0.0169311,0.0473165
21.0,0.000808775,2.79504,0.00226029,0.017012,0.0475425
21.1,0.000808136,2.795,0.00225846,0.0170928,0.0477684
21.2,0.000809188,2.79504,0.00226143,0.0171737,0.0479945
21.3,0.00081689,2.7949,0.00228278,0.0172554,0.0482228
21.4,0.000808055,2.79503,0.00225826,0.0173362,0.0484486
21.5,0.00080854,2.795,0.00225959,0.017417,0.0486746
21.6,0.000807419,2.79502,0.00225648,0.0174978,0.0489002
21.7,0.000807845,2.795,0.00225765,0.0175786,0.049126
21.8,0.000808231,2.79503,0.00225875,0.0176594,0.0493519
21.9,0.000807615,2.79505,0.00225705,0.0177402,0.0495776
22.0,0.00080817,2.79501,0.00225857,0.017821,0.0498035
22.1,0.000808921,2.79501,0.00226067,0.0179019,0.0500295
22.2,0.000808336,2.79498,0.00225901,0.0179827,0.0502554
22.3,0.000808219,2.795,0.0022587,0.0180635,0.0504813
22.4,0.00080979,2.79498,0.00226307,0.0181445,0.0507076
22.5,0.000809527,2.79494,0.0022623,0.0182255,0.0509338
22.6,0.00080844,2.79503,0.00225933,0.0183063,0.0511598
22.7,0.000828168,2.79475,0.002314,0.0183891,0.0513912
22.8,0.00080813,2.79499,0.00225844,0.0184699,0.051617
22.9,0.000808694,2.79494,0.00225997,0.0185508,0.051843
23.0,0.000808506,2.79491,0.00225942,0.0186316,0.0520689
23.1,0.000808767,2.79497,0.0022602,0.0187125,0.052295
23.2,0.000809407,2.79499,0.002262,0.0187935,0.0525212
23.3,0.00080814,2.79504,0.0022585,0.0188743,0.052747
23.4,0.000816089,2.7949,0.00228055,0.0189559,0.0529751
23.5,0.000810694,2.79496,0.00226556,0.019037,0.0532016
23.6,0.000826163,2.79475,0.00230857,0.0191196,0.0534325
23.7,0.000808251,2.79493,0.00225873,0.0192004,0.0536584
23.8,0.00080781,2.79502,0.00225757,0.0192812,0.0538841
23.9,0.000808394,2.79495,0.00225915,0.019362,0.05411
24.0,0.00080803,2.795,0.00225817,0.0194428,0.0543358
24.1,0.000809521,2.79503,0.00226236,0.0195238,0.0545621
24.2,0.000807745,2.79496,0.00225734,0.0196045,0.0547878
24.3,0.000807902,2.79494,0.00225776,0.0196853,0.0550136
24.4,0.00082321,2.79474,0.00230024,0.0197677,0.0552436
24.5,0.000808538,2.79504,0.00225962,0.0198485,0.0554696
24.6,0.000807802,2.79509,0.0022576,0.0199293,0.0556953
24.7,0.000828299,2.79478,0.00231438,0.0200121,0.0559268
24.8,0.000808191,2.79498,0.0022586,0.0200929,0.0561526
24.9,0.000808322,2.79498,0.00225897,0.0201738,0.0563785
25.0,0.000808576,2.79495,0.00225965,0.0202546,0.0566045
25.1,0.000826555,2.79474,0.00230967,0.0203373,0.0568355
25.2,0.000809731,2.79489,0.00226282,0.0204183,0.0570617
25.3,0.00081224,2.79495,0.00226986,0.0204995,0.0572887
25.4,0.000819715,2.79485,0.00229063,0.0205815,0.0575178
25.5,0.000808441,2.79503,0.00225933,0.0206623,0.0577437
25.6,0.000809786,2.79505,0.00226311,0.0207433,0.05797
25.7,0.000810807,2.79496,0.0022659,0.0208244,0.0581966
25.8,0.000809903,2.79499,0.0022634,0.0209053,0.058423
25.9,0.000810322,2.79501,0.00226459,0.0209864,0.0586494
26.0,0.000811012,2.79503,0.00226652,0.0210675,0.0588761
26.1,0.000809965,2.795,0.00226357,0.0211485,0.0591024
26.2,0.000810066,2.79499,0.00226385,0.0212295,0.0593288
26.3,0.000810031,2.79505,0.0022638,0.0213105,0.0595552
26.4,0.000809735,2.79505,0.00226298,0.0213915,0.0597815
26.5,0.000810515,2.79506,0.00226517,0.0214725,0.060008
26.6,0.000808593,2.795,0.00225975,0.0215534,0.060234
26.7,0.000828696,2.79472,0.00231546,0.0216362,0.0604655
26.8,0.000809067,2.795,0.00226107,0.0217171,0.0606916
26.9,0.000808951,2.79499,0.00226073,0.021798,0.0609177
27.0,0.000809072,2.79502,0.0022611,0.021879,0.0611438
27.1,0.000808752,2.79498,0.00226018,0.0219598,0.0613698
27.2,0.000811174,2.79496,0.00226692,0.0220409,0.0615965
27.3,0.000810618,2.79499,0.0022654,0.022122,0.0618231
27.4,0.000812028,2.79497,0.00226933,0.0222032,0.06205
27.5,0.000824728,2.7948,0.00230459,0.0222857,0.0622805
27.6,0.000794694,2.79516,0.00222104,0.0223652,0.0625026
27.7,0.000802533,2.79511,0.00224289,0.0224454,0.0627269
27.8,0.000849828,2.7944,0.00237447,0.0225304,0.0629643
27.9,0.000853909,2.79436,0.00238584,0.0226158,0.0632029
28.0,0.00086351,2.79421,0.00241254,0.0227021,0.0634441
28.1,0.000866753,2.79409,0.00242149,0.0227888,0.0636863
28.2,0.00083129,2.79454,0.00232279,0.0228719,0.0639186
28.3,0.000823861,2.79473,0.00230219,0.0229543,0.0641488
28.4,0.000825639,2.79469,0.00230713,0.0230369,0.0643795
28.5,0.000826707,2.79467,0.0023101,0.0231196,0.0646105
28.6,0.000825617,2.79474,0.00230711,0.0232021,0.0648412
28.7,0.000844389,2.79448,0.00235909,0.0232866,0.0650771
28.8,0.000824036,2.79478,0.00230273,0.023369,0.0653074
28.9,0.000823979,2.79475,0.00230255,0.0234514,0.0655377
29.0,0.000822042,2.79474,0.00229711,0.0235336,0.0657674
29.1,0.00083882,2.79455,0.00234375,0.0236174,0.0660018
29.2,0.000833984,2.79459,0.00233032,0.0237008,0.0662348
29.3,0.000827387,2.79467,0.00231202,0.0237836,0.066466
29.4,0.000822672,2.79472,0.00229888,0.0238658,0.0666959
29.5,0.00082278,2.79477,0.00229925,0.0239481,0.0669258
29.6,0.000820988,2.7948,0.0022943,0.0240302,0.0671552
29.7,0.000823961,2.79479,0.00230259,0.0241126,0.0673855
29.8,0.000822484,2.79477,0.00229845,0.0241949,0.0676153
29.9,0.000824522,2.79476,0.00230411,0.0242773,0.0678457
30.0,0.000822326,2.79477,0.00229799,0.0243596,0.0680755
30.1,0.000822421,2.79475,0.00229824,0.0244418,0.0683054
30.2,0.000822434,2.79478,0.00229831,0.024524,0.0685352
30.3,0.000825978,2.79469,0.00230814,0.0246066,0.068766
30.4,0.000831782,2.79457,0.00232419,0.0246898,0.0689984
30.5,0.000824606,2.79471,0.00230432,0.0247723,0.0692289
30.6,0.000823588,2.7947,0.00230146,0.0248546,0.069459
30.7,0.0008365,2.79457,0.00233728,0.0249383,0.0696927
30.8,0.000823479,2.7947,0.00230118,0.0250206,0.0699229
30.9,0.000830882,2.79464,0.00232177,0.0251037,0.070155
31.0,0.000823683,2.79472,0.00230177,0.0251861,0.0703852
31.1,0.000823565,2.79476,0.00230149,0.0252684,0.0706154
31.2,0.00082487,2.79472,0.00230511,0.0253509,0.0708459
31.3,0.000823934,2.79478,0.00230253,0.0254333,0.0710761
31.4,0.000826637,2.79476,0.00231006,0.025516,0.0713071
31.5,0.000827052,2.79474,0.00231121,0.0255987,0.0715382
31.6,0.000826362,2.7947,0.00230924,0.0256813,0.0717692
31.7,0.000823829,2.79476,0.00230223,0.0257637,0.0719994
31.8,0.000824222,2.79475,0.00230331,0.0258461,0.0722297
31.9,0.000826065,2.79475,0.00230845,0.0259287,0.0724606
32.0,0.000828815,2.79468,0.00231608,0.0260116,0.0726922
32.1,0.000823262,2.79475,0.00230065,0.0260939,0.0729222
32.2,0.000824335,2.79474,0.00230363,0.0261764,0.0731526
32.3,0.000824171,2.79469,0.00230314,0.0262588,0.0733829
32.4,0.000823803,2.79471,0.00230213,0.0263412,0.0736131
32.5,0.000826925,2.79469,0.00231082,0.0264239,0.0738442
32.6,0.000836527,2.79457,0.00233751,0.0265075,0.074078
32.7,0.000857987,2.79426,0.002397,0.0265933,0.0743177
32.8,0.000823728,2.79466,0.00230183,0.0266757,0.0745479
32.9,0.00083543,2.79458,0.00233445,0.0267592,0.0747813
33.0,0.000823766,2.79471,0.00230198,0.0268416,0.0750115
33.1,0.000824089,2.7947,0.00230287,0.026924,0.0752418
33.2,0.000824472,2.79469,0.00230394,0.0270065,0.0754722
33.3,0.000824123,2.79464,0.00230292,0.0270889,0.0757025
33.4,0.000823331,2.79466,0.00230072,0.0271712,0.0759325
33.5,0.000831419,2.79462,0.00232326,0.0272544,0.0761649
33.6,0.00083092,2.7946,0.00232188,0.0273375,0.0763971
33.7,0.000828338,2.79463,0.00231471,0.0274203,0.0766285
33.8,0.000823861,2.79465,0.00230222,0.0275027,0.0768587
33.9,0.000842367,2.79442,0.00235361,0.0275869,0.0770941
34.0,0.00082866,2.79455,0.00231555,0.0276698,0.0773257
34.1,0.000824704,2.79462,0.00230455,0.0277522,0.0775561
34.2,0.000828141,2.79459,0.00231408,0.0278351,0.0777875
34.3,0.000828804,2.79454,0.00231594,0.0279179,0.0780191
34.4,0.00082778,2.79456,0.00231311,0.0280007,0.0782504
34.5,0.00083804,2.7945,0.00234169,0.0280845,0.0784846
34.6,0.000824393,2.79463,0.00230371,0.028167,0.078715
34.7,0.00239881,2.77829,0.00636833,0.0284068,0.0793518
34.8,0.0262155,2.54885,0.0496755,0.0310284,0.0843194
34.9,0.181623,1.12273,0.203788,0.0491907,0.104698
35.0,0.17021,1.07725,0.183101,0.0662117,0.123008
35.1,0.165108,1.0687,0.176218,0.0827225,0.14063
35.2,0.162774,1.05811,0.172007,0.099,0.157831
35.3,0.161468,1.04671,0.168784,0.115147,0.174709
35.4,0.159017,1.04981,0.166727,0.131048,0.191382
35.5,0.157391,1.04925,0.164941,0.146787,0.207876
35.6,0.156949,1.0421,0.163355,0.162482,0.224211
35.7,0.156597,1.03413,0.161739,0.178142,0.240385
35.8,0.155975,1.02962,0.160392,0.19374,0.256425
35.9,0.148355,1.07003,0.152597,0.208575,0.271684
36.0,0.0101395,2.25935,0.0225973,0.209589,0.273944
36.1,0.00304989,2.47574,0.00755047,0.209894,0.274699
36.2,0.0031208,2.53432,0.0079094,0.210206,0.27549
36.3,0.00322381,2.56629,0.00827346,0.210528,0.276317
36.4,0.003342,2.58729,0.00864681,0.210863,0.277182
36.5,0.00345154,2.60224,0.00898177,0.211208,0.27808
36.6,0.00401535,2.60834,0.0104729,0.211609,0.279127
36.7,0.00398763,2.61799,0.0104395,0.212008,0.280171
36.8,0.00398553,2.62606,0.0104662,0.212407,0.281218
36.9,0.00397494,2.63303,0.0104661,0.212804,0.282265
37.0,0.00396726,2.63919,0.0104703,0.213201,0.283312
37.1,0.00396293,2.64447,0.0104798,0.213597,0.28436
37.2,0.00396466,2.64901,0.0105024,0.213994,0.28541
37.3,0.00395945,2.65314,0.0105049,0.21439,0.28646
37.4,0.0039423,2.65695,0.0104745,0.214784,0.287508
37.5,0.00394036,2.66025,0.0104823,0.215178,0.288556
37.6,0.00373025,2.66563,0.00994336,0.215551,0.28955
37.7,0.00370299,2.66897,0.00988313,0.215921,0.290539
37.8,0.00369944,2.67157,0.00988324,0.216291,0.291527
37.9,0.00375297,2.67333,0.0100326,0.216666,0.29253
38.0,0.00369948,2.67609,0.00990011,0.217036,0.29352
38.1,0.00354866,2.67976,0.0095079,0.217391,0.294471
38.2,0.00373366,2.67972,0.00998385,0.217765,0.295469
38.3,0.00656276,2.64847,0.0173569,0.218421,0.297205
38.4,0.00644767,2.64712,0.0170672,0.219066,0.298912
38.5,0.00636598,2.64864,0.0168608,0.219702,0.300598
38.6,0.00629871,2.64977,0.0166867,0.220332,0.302267
38.7,0.00409318,2.67761,0.0109583,0.220741,0.303362
38.8,0.00493475,2.67127,0.013174,0.221235,0.30468
38.9,0.00611346,2.65722,0.016239,0.221846,0.306304
39.0,0.00649717,2.65219,0.0172313,0.222496,0.308027
39.1,0.00658916,2.65131,0.0174694,0.223155,0.309774
39.2,0.0232143,2.53778,0.0377738,0.225476,0.313551
39.3,0.17944,1.11167,0.199498,0.24342,0.333501
39.4,0.110077,1.507,0.122882,0.254428,0.345789
39.5,0.00460023,2.50105,0.0113066,0.254888,0.34692
39.6,0.000298994,2.63063,0.000786621,0.254918,0.346998
39.7,0.000327363,2.66536,0.000872619,0.254951,0.347086
39.8,0.00343804,2.64886,0.0090914,0.255295,0.347995
39.9,0.00387602,2.6512,0.0102761,0.255682,0.349022
40.0,0.00386826,2.65797,0.0102817,0.256069,0.350051
40.1,0.00386497,2.66328,0.0102934,0.256455,0.35108
40.2,0.00386349,2.66746,0.0103056,0.256842,0.352111
40.3,0.0038616,2.67094,0.010314,0.257228,0.353142
40.4,0.00385494,2.67396,0.0103079,0.257613,0.354173
40.5,0.00385425,2.67643,0.0103156,0.257999,0.355204
40.6,0.00384373,2.67867,0.010296,0.258383,0.356234
40.7,0.00384169,2.68057,0.0102979,0.258767,0.357264
40.8,0.00363206,2.68484,0.00975138,0.259131,0.358239
40.9,0.00360752,2.68691,0.00969306,0.259491,0.359208
41.0,0.00360729,2.68842,0.00969789,0.259852,0.360178
41.1,0.00365691,2.68919,0.00983387,0.260218,0.361161
41.2,0.00360852,2.69087,0.00971002,0.260579,0.362132
41.3,0.00345336,2.69375,0.00930087,0.260924,0.363062
41.4,0.00364182,2.69284,0.00978577,0.261288,0.364041
41.5,0.00646575,2.66071,0.0171789,0.261935,0.365759
41.6,0.00635848,2.65867,0.0169046,0.262571,0.367449
41.7,0.00627975,2.6595,0.0167006,0.263199,0.369119
41.8,0.00621038,2.66,0.016516,0.26382,0.370771
41.9,0.00399488,2.68751,0.0107346,0.264219,0.371844
42.0,0.00484643,2.6805,0.0129828,0.264704,0.373143
42.1,0.00602643,2.66593,0.0160601,0.265306,0.374749
42.2,0.00641179,2.66042,0.0170576,0.265948,0.376455
42.3,0.00650096,2.65916,0.0172866,0.266598,0.378183
42.4,0.0251708,2.52998,0.039676,0.269115,0.382151
42.5,0.177887,1.12405,0.199963,0.286903,0.402147
42.6,0.0999046,1.59683,0.11478,0.296894,0.413625
42.7,0.00758376,2.48333,0.0186497,0.297652,0.41549
42.8,0.00411902,2.59265,0.0106799,0.298064,0.416558
42.9,0.00474845,2.61576,0.0124212,0.298539,0.4178
43.0,0.0040974,2.63799,0.0108065,0.298949,0.418881
43.1,0.00388901,2.65188,0.0103131,0.299338,0.419912
43.2,0.00387645,2.6596,0.0103098,0.299725,0.420943
43.3,0.00387147,2.66523,0.0103183,0.300112,0.421975
43.4,0.00386541,2.66956,0.0103189,0.300499,0.423007
43.5,0.00386373,2.67303,0.0103278,0.300885,0.42404
43.6,0.00387577,2.67572,0.0103704,0.301273,0.425077
43.7,0.00386114,2.67826,0.0103411,0.301659,0.426111
43.8,0.00384889,2.68044,0.0103166,0.302044,0.427142
43.9,0.0038425,2.6823,0.0103067,0.302428,0.428173
44.0,0.0036279,2.68646,0.00974613,0.302791,0.429148
44.1,0.00361388,2.68835,0.00971534,0.303152,0.430119
44.2,0.00361316,2.68976,0.00971848,0.303514,0.431091
44.3,0.00366275,2.69042,0.00985411,0.30388,0.432077
44.4,0.00361349,2.69203,0.00972755,0.304241,0.433049
44.5,0.00342575,2.69511,0.00923102,0.304584,0.433972
44.6,0.00384445,2.69181,0.0103245,0.304968,0.435005
44.7,0.00649774,2.66069,0.0172645,0.305618,0.436731
44.8,0.00634746,2.65943,0.0168802,0.306253,0.438419
44.9,0.00629079,2.65995,0.0167328,0.306882,0.440093
45.0,0.00608735,2.66175,0.0161967,0.307491,0.441712
45.1,0.00401999,2.68795,0.0108039,0.307893,0.442793
45.2,0.00494998,2.67964,0.0132556,0.308388,0.444118
45.3,0.00604544,2.66592,0.0161105,0.308992,0.445729
45.4,0.00643023,2.66038,0.0171064,0.309635,0.44744
45.5,0.00651901,2.65902,0.0173336,0.310287,0.449173
45.6,0.0331197,2.46863,0.0484997,0.313599,0.454023
45.7,0.1774,1.11405,0.197601,0.331339,0.473783
45.8,0.042851,2.10132,0.0546675,0.335624,0.47925
45.9,0.00172794,2.59751,0.00436834,0.335797,0.479687
46.0,0.000317943,2.66534,0.00084738,0.335829,0.479772
46.1,0.001375,2.67797,0.00365989,0.335966,0.480138
46.2,0.00389861,2.65872,0.0103651,0.336356,0.481174
46.3,0.00386326,2.66506,0.0102958,0.336743,0.482204
46.4,0.00385848,2.66989,0.0103017,0.337128,0.483234
46.5,0.00385532,2.67374,0.0103081,0.337514,0.484265
46.6,0.00385137,2.67682,0.0103094,0.337899,0.485296
46.7,0.00385101,2.67925,0.0103178,0.338284,0.486327
46.8,0.00384874,2.6814,0.0103199,0.338669,0.487359
46.9,0.00384747,2.6833,0.0103238,0.339054,0.488392
47.0,0.0038367,2.685,0.0103015,0.339437,0.489422
47.1,0.00376133,2.68712,0.010107,0.339814,0.490433
47.2,0.0036047,2.69049,0.00969837,0.340174,0.491402
47.3,0.00360264,2.69177,0.00969744,0.340534,0.492372
47.4,0.00360214,2.69289,0.00970013,0.340894,0.493342
47.5,0.00365249,2.69324,0.00983667,0.34126,0.494326
47.6,0.00360822,2.69462,0.00972274,0.341621,0.495298
47.7,0.00378038,2.69392,0.0101636,0.341999,0.496315
47.8,0.00431642,2.68862,0.011562,0.34243,0.497471
47.9,0.00666455,2.65849,0.0177168,0.343097,0.499242
48.0,0.00627073,2.66164,0.01669,0.343724,0.500911
48.1,0.00631781,2.66093,0.0168108,0.344356,0.502592
48.2,0.00509891,2.67425,0.0136166,0.344865,0.503954
48.3,0.00421924,2.68801,0.01134,0.345287,0.505088
48.4,0.00540547,2.6751,0.0144514,0.345828,0.506533
48.5,0.00636541,2.66305,0.0169491,0.346464,0.508228
48.6,0.00643559,2.66095,0.0171242,0.347108,0.509941
48.7,0.00657513,2.65905,0.0174831,0.347766,0.511689
48.8,0.0982497,1.91541,0.118046,0.35759,0.523494
48.9,0.172512,1.08312,0.186691,0.374842,0.542163
49.0,0.164171,1.06955,0.175388,0.391259,0.559701
49.1,0.0533709,1.93625,0.0647544,0.396596,0.566177
49.2,0.00231366,2.52842,0.00568631,0.396827,0.566745
49.3,0.00028939,2.61785,0.000757631,0.396856,0.566821
49.4,0.00102138,2.64302,0.00268491,0.396958,0.56709
49.5,0.00394542,2.62631,0.0103615,0.397353,0.568126
49.6,0.00389013,2.63659,0.0102566,0.397742,0.569152
49.7,0.00388308,2.6445,0.0102687,0.39813,0.570178
49.8,0.00387783,2.65078,0.0102792,0.398518,0.571206
49.9,0.00387457,2.65581,0.0102901,0.398905,0.572235
50.0,0.00387426,2.6599,0.0103051,0.399293,0.573266
50.1,0.00386573,2.66338,0.0102959,0.399679,0.574295
50.2,0.00386373,2.66627,0.0103017,0.400066,0.575326
50.3,0.00385022,2.66896,0.0102761,0.400451,0.576353
50.4,0.00379523,2.67175,0.0101397,0.40083,0.577367
50.5,0.00361696,2.67602,0.00967902,0.401192,0.578335
50.6,0.00361457,2.67803,0.00967988,0.401554,0.579303
50.7,0.00361349,2.67968,0.00968295,0.401915,0.580271
50.8,0.00366636,2.68058,0.00982771,0.402282,0.581254
50.9,0.00361326,2.68247,0.00969245,0.402643,0.582223
51.0,0.00360859,2.68427,0.00967328,0.403004,0.583191
51.1,0.00420945,2.67868,0.0112355,0.403425,0.584314
51.2,0.0067467,2.64748,0.0178609,0.404099,0.5861
51.3,0.00627529,2.65143,0.0166381,0.404727,0.587764
51.4,0.00633085,2.65095,0.0167823,0.40536,0.589442
51.5,0.00538264,2.66124,0.0143068,0.405898,0.590873
51.6,0.00417272,2.6787,0.0111759,0.406315,0.591991
51.7,0.00537041,2.66646,0.0143108,0.406853,0.593422
51.8,0.00618803,2.65613,0.0164309,0.407471,0.595065
51.9,0.00646479,2.65193,0.0171437,0.408118,0.596779
52.0,0.00657363,2.6506,0.0174235,0.408775,0.598522
52.1,0.0812139,2.05848,0.100469,0.416897,0.608568
52.2,0.173423,1.08474,0.187988,0.434239,0.627367
52.3,0.0157902,2.32309,0.0265809,0.435818,0.630025
52.4,0.000594348,2.6074,0.00152321,0.435877,0.630178
52.5,0.000317058,2.65802,0.000842738,0.435909,0.630262
52.6,0.00199495,2.66231,0.00528253,0.436108,0.63079
52.7,0.00388181,2.64952,0.0102849,0.436497,0.631819
52.8,0.00387052,2.65589,0.0102796,0.436884,0.632847
52.9,0.00386429,2.661,0.0102829,0.43727,0.633875
53.0,0.00386007,2.66502,0.0102871,0.437656,0.634904
53.1,0.00385755,2.66823,0.0102928,0.438042,0.635933
53.2,0.00387311,2.67065,0.0103436,0.438429,0.636967
53.3,0.00386106,2.67303,0.0103207,0.438815,0.637999
53.4,0.00385205,2.67497,0.0103041,0.439201,0.63903
53.5,0.00384635,2.67674,0.0102957,0.439585,0.640059
53.6,0.00372632,2.67952,0.00998455,0.439958,0.641058
53.7,0.00360987,2.68245,0.00968327,0.440319,0.642026
53.8,0.00360986,2.68386,0.00968831,0.44068,0.642995
53.9,0.00360877,2.68502,0.00968955,0.441041,0.643964
54.0,0.00365825,2.68537,0.00982342,0.441406,0.644946
54.1,0.00363656,2.68669,0.00977016,0.44177,0.645923
54.2,0.00367222,2.68719,0.00984743,0.442137,0.646908
54.3,0.00501972,2.67337,0.013369,0.442639,0.648245
54.4,0.00655409,2.65181,0.0173793,0.443295,0.649983
54.5,0.00626391,2.65437,0.0166263,0.443921,0.651646
54.6,0.00637459,2.6531,0.0169121,0.444559,0.653337
54.7,0.00463764,2.67259,0.0123772,0.445022,0.654574
54.8,0.00432875,2.6798,0.0115995,0.445455,0.655734
54.9,0.00564868,2.66519,0.0150485,0.44602,0.657239
55.0,0.00648905,2.65419,0.0172227,0.446669,0.658962
55.1,0.00644698,2.65361,0.0171073,0.447314,0.660672
55.2,0.00661887,2.65144,0.017549,0.447976,0.662427
55.3,0.1224,1.68538,0.146382,0.460216,0.677065
55.4,0.166381,1.10835,0.18424,0.476854,0.695489
55.5,0.158325,1.10288,0.173152,0.492686,0.712805
55.6,0.0358617,2.0919,0.0467024,0.496272,0.717475
55.7,0.00147583,2.5429,0.00364422,0.49642,0.717839
55.8,0.000290596,2.61678,0.000760421,0.496449,0.717915
55.9,0.00149072,2.63453,0.00390523,0.496598,0.718306
56.0,0.00392744,2.62141,0.0102951,0.496991,0.719335
56.1,0.00389625,2.63126,0.010252,0.49738,0.72036
56.2,0.00389142,2.63896,0.0102692,0.49777,0.721387
56.3,0.00388655,2.64498,0.0102798,0.498158,0.722415
56.4,0.00387766,2.64993,0.0102755,0.498546,0.723443
56.5,0.00387601,2.65391,0.0102865,0.498934,0.724472
56.6,0.00387031,2.65731,0.0102846,0.499321,0.7255
56.7,0.00386773,2.6602,0.0102889,0.499707,0.726529
56.8,0.00385741,2.66284,0.0102716,0.500093,0.727556
56.9,0.00377148,2.66595,0.0100543,0.50047,0.728562
57.0,0.003628,2.66983,0.00968609,0.500833,0.72953
57.1,0.00362018,2.67177,0.00967224,0.501195,0.730497
57.2,0.00361885,2.67355,0.00967515,0.501557,0.731465
57.3,0.00366726,2.67445,0.00980765,0.501924,0.732446
57.4,0.00362412,2.67625,0.00969902,0.502286,0.733416
57.5,0.00378211,2.67608,0.0101008,0.502664,0.734426
57.6,0.00448115,2.66963,0.0119178,0.503112,0.735617
57.7,0.00667619,2.6417,0.0176356,0.50378,0.737381
57.8,0.00628687,2.64516,0.0166294,0.504409,0.739044
57.9,0.00634828,2.64458,0.0167881,0.505044,0.740723
58.0,0.0050827,2.65853,0.0134931,0.505552,0.742072
58.1,0.00424548,2.67194,0.0113424,0.505976,0.743206
58.2,0.00541898,2.65949,0.0144037,0.506518,0.744647
58.3,0.00640314,2.64758,0.016951,0.507159,0.746342
58.4,0.00647654,2.64566,0.0171342,0.507806,0.748055
58.5,0.00659581,2.6442,0.0174402,0.508466,0.749799
58.6,0.0971553,1.91118,0.11761,0.518181,0.76156
58.7,0.171256,1.08273,0.185273,0.535307,0.780087
58.8,0.163132,1.06629,0.173752,0.55162,0.797463
58.9,0.0413526,2.03091,0.05153,0.555755,0.802616
59.0,0.00172506,2.5291,0.00423602,0.555928,0.803039
59.1,0.00028634,2.60835,0.000746989,0.555957,0.803114
59.2,0.00134917,2.6287,0.00352658,0.556091,0.803467
59.3,0.00393796,2.61485,0.0102969,0.556485,0.804496
59.4,0.00389985,2.62483,0.0102364,0.556875,0.80552
59.5,0.00389344,2.63271,0.0102503,0.557265,0.806545
59.6,0.00388572,2.63897,0.0102542,0.557653,0.80757
59.7,0.00388075,2.64397,0.0102605,0.558041,0.808596
59.8,0.00387728,2.64806,0.0102672,0.558429,0.809623
59.9,0.00387746,2.65144,0.0102808,0.558817,0.810651
60.0,0.00387482,2.6544,0.0102853,0.559204,0.81168
60.1,0.00386472,2.65708,0.0102688,0.559591,0.812707
60.2,0.00378441,2.66016,0.0100669,0.559969,0.813713
60.3,0.00362272,2.66432,0.00965204,0.560331,0.814679
60.4,0.0036204,2.66629,0.00965297,0.560693,0.815644
60.5,0.00362031,2.66802,0.009659,0.561055,0.81661
60.6,0.00366988,2.66895,0.00979446,0.561422,0.817589
60.7,0.00363062,2.67084,0.00969675,0.561786,0.818559
60.8,0.00380301,2.6707,0.0101366,0.562166,0.819573
60.9,0.00433925,2.66584,0.0115246,0.5626,0.820725
61.0,0.00669246,2.63663,0.0176447,0.563269,0.822489
61.1,0.00628804,2.64021,0.0166014,0.563898,0.82415
61.2,0.00633479,2.63977,0.016722,0.564531,0.825822
61.3,0.00516699,2.65257,0.013687,0.565048,0.82719
61.4,0.00422533,2.6671,0.011268,0.56547,0.828317
61.5,0.00539381,2.65491,0.0143114,0.56601,0.829748
61.6,0.00636096,2.64335,0.0168119,0.566646,0.83143
61.7,0.00646872,2.64103,0.0170835,0.567293,0.833138
61.8,0.00659928,2.63941,0.0174177,0.567953,0.83488
61.9,0.0946705,1.93153,0.113281,0.57742,0.846208
62.0,0.170919,1.08305,0.183594,0.594512,0.864567
62.1,0.0399651,2.08266,0.0529204,0.598508,0.869859
62.2,0.00402445,2.53534,0.0100966,0.598911,0.870869
62.3,0.00282307,2.60192,0.00734559,0.599193,0.871604
62.4,0.00329289,2.62158,0.00863168,0.599522,0.872467
62.5,0.00393099,2.62746,0.0103283,0.599915,0.8735
62.6,0.00389418,2.63674,0.0102679,0.600305,0.874526
62.7,0.00388751,2.64329,0.0102757,0.600694,0.875554
62.8,0.00390033,2.64798,0.0103279,0.601084,0.876587
62.9,0.00387712,2.65225,0.010283,0.601471,0.877615
63.0,0.00387544,2.65555,0.0102914,0.601859,0.878644
63.1,0.00387479,2.65826,0.0103002,0.602246,0.879674
63.2,0.00387802,2.66049,0.0103174,0.602634,0.880706
63.3,0.00386122,2.66266,0.0102811,0.60302,0.881734
63.4,0.00377435,2.66525,0.0100594,0.603398,0.88274
63.5,0.00362583,2.66885,0.00967676,0.60376,0.883708
63.6,0.00362524,2.67042,0.00968087,0.604123,0.884676
63.7,0.00362388,2.67181,0.00968227,0.604485,0.885644
63.8,0.00367839,2.67233,0.00982961,0.604853,0.886627
63.9,0.00363131,2.67391,0.00970977,0.605216,0.887598
64.0,0.00379001,2.67355,0.0101125,0.605595,0.888609
64.1,0.00448,2.66703,0.0119027,0.606043,0.889799
64.2,0.00667779,2.63896,0.0176216,0.606711,0.891562
64.3,0.00629702,2.64219,0.0166375,0.607341,0.893225
64.4,0.00634725,2.64155,0.0167662,0.607975,0.894902
64.5,0.00510046,2.6551,0.0135232,0.608485,0.896254
64.6,0.00424809,2.66849,0.0113347,0.60891,0.897388
64.7,0.00542941,2.65602,0.0144125,0.609453,0.898829
64.8,0.00639921,2.64419,0.0169187,0.610093,0.900521
64.9,0.00647926,2.64205,0.017118,0.610741,0.902233
65.0,0.00660299,2.6405,0.0174347,0.611401,0.903976
65.1,0.0966532,1.91439,0.115411,0.621067,0.915517
65.2,0.172318,1.07106,0.18441,0.638298,0.933958
65.3,0.162268,1.06757,0.171572,0.654525,0.951115
65.4,0.0850919,1.63825,0.095596,0.663034,0.960675
65.5,0.00698851,2.42923,0.0167863,0.663733,0.962354
65.6,0.00403989,2.53775,0.0102531,0.664137,0.963379
65.7,0.00468277,2.56624,0.0120181,0.664606,0.964581
65.8,0.00404685,2.5926,0.0104909,0.66501,0.96563
65.9,0.0039212,2.60846,0.0102282,0.665402,0.966653
66.0,0.00391266,2.61855,0.0102454,0.665794,0.967677
66.1,0.00390465,2.62617,0.0102542,0.666184,0.968703
66.2,0.00390252,2.63218,0.010272,0.666574,0.96973
66.3,0.00389338,2.63708,0.0102671,0.666964,0.970757
66.4,0.00388874,2.64116,0.0102707,0.667353,0.971784
66.5,0.00388726,2.64462,0.0102803,0.667741,0.972812
66.6,0.0038733,2.64764,0.0102551,0.668129,0.973837
66.7,0.00385831,2.65032,0.0102257,0.668514,0.97486
66.8,0.00363764,2.65531,0.009659,0.668878,0.975826
66.9,0.00363226,2.6576,0.00965305,0.669241,0.976791
67.0,0.00363729,2.65955,0.00967351,0.669605,0.977758
67.1,0.00368409,2.66071,0.00980207,0.669974,0.978739
67.2,0.00363221,2.66276,0.00967165,0.670337,0.979706
67.3,0.00353105,2.66563,0.00940828,0.67069,0.980646
67.4,0.00370321,2.66461,0.00984059,0.67106,0.981631
67.5,0.0068633,2.62954,0.0180407,0.671747,0.983435
67.6,0.00636256,2.63209,0.0167462,0.672383,0.985109
67.7,0.006318,2.63287,0.016634,0.673015,0.986773
67.8,0.005972,2.63634,0.0157351,0.673612,0.988346
67.9,0.00407505,2.66066,0.0108406,0.674019,0.98943
68.0,0.00508164,2.6518,0.0134662,0.674527,0.990777
68.1,0.00608243,2.63951,0.0160486,0.675136,0.992382
68.2,0.00646511,2.63434,0.0170307,0.675782,0.994085
68.3,0.00654758,2.63325,0.0172409,0.676437,0.995809
68.4,0.042678,2.36917,0.058052,0.680705,1.00161
68.5,0.178039,1.0765,0.191585,0.698509,1.02077
68.6,0.0578287,1.93201,0.0680974,0.704292,1.02758
68.7,0.0023416,2.54583,0.00580336,0.704526,1.02816
68.8,0.000296462,2.62805,0.000779186,0.704555,1.02824
68.9,0.00101267,2.64829,0.00266659,0.704657,1.02851
69.0,0.00394337,2.6278,0.0103621,0.705051,1.02954
69.1,0.00388786,2.63515,0.010245,0.70544,1.03057
69.2,0.00388166,2.64084,0.0102508,0.705828,1.03159
69.3,0.00388262,2.64531,0.0102707,0.706216,1.03262
69.4,0.00387599,2.64899,0.0102674,0.706604,1.03365
69.5,0.00387373,2.65195,0.0102729,0.706991,1.03467
69.6,0.00387163,2.65445,0.010277,0.707378,1.0357
69.7,0.00387166,2.6566,0.0102854,0.707765,1.03673
69.8,0.00385817,2.65856,0.0102571,0.708151,1.03776
69.9,0.00380247,2.66077,0.0101173,0.708532,1.03877
70.0,0.00362865,2.66443,0.00966823,0.708894,1.03973
70.1,0.00362301,2.66597,0.00965882,0.709257,1.0407
70.2,0.00362275,2.66724,0.0096627,0.709619,1.04167
70.3,0.0036714,2.6678,0.00979433,0.709986,1.04265
70.4,0.00362842,2.6694,0.00968565,0.710349,1.04361
70.5,0.00360579,2.67099,0.00961867,0.71071,1.04458
70.6,0.00422909,2.66504,0.0112305,0.711132,1.0457
70.7,0.00179569,1.41227,0.00472233,0.711312,1.04617
70.8,-6.44624e-09,0.636554,-4.38315e-09,0.711312,1.04617
70.9,-4.30255e-09,0.497822,-2.42392e-09,0.711312,1.04617
71.0,-2.58277e-09,0.472672,-1.18949e-09,0.711312,1.04617
71.1,-2.77819e-09,0.47528,-1.29313e-09,0.711312,1.04617
71.2,-2.65307e-09,0.476616,-1.23914e-09,0.711312,1.04617
71.3,-2.88324e-09,0.477417,-1.35315e-09,0.711312,1.04617
71.4,-2.83713e-09,0.477821,-1.3322e-09,0.711312,1.04617
71.5,-2.88748e-09,0.477982,-1.35727e-09,0.711312,1.04617
71.6,-2.68676e-09,0.478083,-1.2617e-09,0.711312,1.04617
71.7,-2.71681e-09,0.478122,-1.27574e-09,0.711312,1.04617
71.8,-2.82085e-09,0.478064,-1.32549e-09,0.711312,1.04617
71.9,-2.77861e-09,0.477948,-1.30604e-09,0.711312,1.04617
72.0,0.00639384,0.505679,0.00851519,0.711951,1.04702
72.1,0.0109551,2.58558,0.0274539,0.713047,1.04977
72.2,0.00325194,2.68125,0.00871932,0.713372,1.05064
72.3,0.00338327,2.68527,0.00908494,0.71371,1.05155
72.4,0.00352127,2.68496,0.00945442,0.714063,1.05249
72.5,0.00363926,2.68408,0.00976798,0.714426,1.05347
72.6,0.00374064,2.68314,0.0100366,0.714801,1.05448
72.7,0.00382798,2.68224,0.0102675,0.715183,1.0555
72.8,0.00389834,2.68145,0.0104532,0.715573,1.05655
72.9,0.00396543,2.68079,0.0106304,0.71597,1.05761
73.0,0.00406691,2.67971,0.0108979,0.716376,1.0587
73.1,0.0039355,2.68114,0.0105516,0.71677,1.05976
73.2,0.00388676,2.682,0.0104241,0.717159,1.0608
73.3,0.00398018,2.68128,0.0106714,0.717557,1.06186
73.4,0.00393948,2.68182,0.0105648,0.717951,1.06292
73.5,0.00394623,2.68204,0.0105839,0.718345,1.06398
73.6,0.00393067,2.68236,0.0105434,0.718738,1.06503
73.7,0.00393175,2.68253,0.010547,0.719131,1.06609
73.8,0.0039191,2.68291,0.0105145,0.719523,1.06714
73.9,0.00393736,2.68301,0.0105639,0.719917,1.0682
74.0,0.00384062,2.68416,0.0103087,0.720301,1.06923
74.1,0.00369878,2.68631,0.00993602,0.720671,1.07022
74.2,0.00369205,2.68678,0.00991969,0.72104,1.07121
74.3,0.00370437,2.6869,0.00995321,0.721411,1.07221
74.4,0.00374359,2.68665,0.0100575,0.721785,1.07321
74.5,0.00370023,2.68731,0.00994362,0.722155,1.07421
74.6,0.00385226,2.68616,0.0103275,0.72254,1.07524
74.7,0.00463783,2.6778,0.0123721,0.723004,1.07648
74.8,0.00673302,2.64979,0.0178402,0.723677,1.07826
74.9,0.00636538,2.65236,0.0168828,0.724314,1.07995
75.0,0.00642692,2.65106,0.0170377,0.724957,1.08165
75.1,0.0051299,2.66486,0.0136515,0.72547,1.08302
75.2,0.00433866,2.67731,0.0116146,0.725903,1.08418
75.3,0.00551148,2.66417,0.0146755,0.726455,1.08565
75.4,0.00648722,2.65171,0.0172004,0.727103,1.08737
75.5,0.00656006,2.64931,0.0173791,0.727759,1.08911
75.6,0.0066748,2.64735,0.01767,0.728427,1.09087
75.7,0.0973923,1.9054,0.118958,0.738166,1.10277
75.8,0.0320465,2.25602,0.0448177,0.741371,1.10725
75.9,0.00121308,2.64028,0.0031271,0.741492,1.10756
76.0,0.000322487,2.68756,0.000866696,0.741524,1.10765
76.1,0.00165539,2.68894,0.00442234,0.74169,1.10809
76.2,0.00386118,2.66761,0.0103001,0.742076,1.10912
76.3,0.00385739,2.67037,0.0103006,0.742462,1.11015
76.4,0.00385635,2.67278,0.0103071,0.742847,1.11118
76.5,0.00386064,2.6747,0.010326,0.743233,1.11222
76.6,0.00385366,2.67624,0.0103133,0.743619,1.11325
76.7,0.00385388,2.67749,0.0103187,0.744004,1.11428
76.8,0.00385594,2.67856,0.0103283,0.74439,1.11531
76.9,0.00386322,2.67933,0.0103508,0.744776,1.11635
77.0,0.00384365,2.68041,0.0103025,0.74516,1.11738
77.1,0.00374597,2.68215,0.0100471,0.745535,1.11838
77.2,0.00360937,2.68465,0.00968982,0.745896,1.11935
77.3,0.00360875,2.68545,0.00969104,0.746257,1.12032
77.4,0.00361019,2.68604,0.00969708,0.746618,1.12129
77.5,0.00365739,2.68593,0.00982319,0.746984,1.12227
77.6,0.00361442,2.68691,0.00971159,0.747345,1.12324
77.7,0.00374372,2.68609,0.0100353,0.747719,1.12425
77.8,0.00466604,2.67646,0.0124399,0.748186,1.12549
77.9,0.00661958,2.65007,0.0175415,0.748848,1.12725
78.0,0.00627417,2.65265,0.0166427,0.749475,1.12891
78.1,0.00634428,2.65144,0.016821,0.75011,1.13059
78.2,0.00496836,2.66621,0.0132279,0.750607,1.13191
78.3,0.00425992,2.67781,0.011406,0.751033,1.13305
78.4,0.00543634,2.6647,0.0144785,0.751576,1.1345
78.5,0.00644747,2.65199,0.0170973,0.752221,1.13621
78.6,0.0064619,2.65026,0.0171252,0.752867,1.13792
78.7,0.00659411,2.64831,0.0174627,0.753527,1.13967
78.8,0.111002,1.80315,0.118467,0.764627,1.15152
78.9,0.184263,0.964735,0.177521,0.783053,1.16927
79.0,0.0340983,2.12433,0.0416868,0.786463,1.17344
79.1,0.00128625,2.56774,0.00321026,0.786592,1.17376
79.2,0.000304727,2.63561,0.000803174,0.786622,1.17384
79.3,0.00162044,2.64863,0.0042667,0.786784,1.17427
79.4,0.00133064,1.7504,0.00349686,0.786917,1.17462
79.5,-3.11292e-09,0.613635,-2.11763e-09,0.786917,1.17462
79.6,-2.46243e-09,0.488001,-1.44831e-09,0.786917,1.17462
79.7,-2.42552e-09,0.472198,-1.11436e-09,0.786917,1.17462
79.8,-2.6605e-09,0.474586,-1.23496e-09,0.786917,1.17462
79.9,-3.02054e-09,0.475859,-1.41238e-09,0.786917,1.17462
80.0,-2.86235e-09,0.47657,-1.34236e-09,0.786917,1.17462
80.1,-2.94897e-09,0.476841,-1.38461e-09,0.786917,1.17462
80.2,-2.63873e-09,0.477055,-1.23447e-09,0.786917,1.17462
80.3,-3.05802e-09,0.477301,-1.43677e-09,0.786917,1.17462
80.4,-3.31915e-09,0.477258,-1.56167e-09,0.786917,1.17462
80.5,-2.8991e-09,0.477207,-1.36126e-09,0.786917,1.17462
80.6,-2.76242e-09,0.477034,-1.29563e-09,0.786917,1.17462
80.7,-2.55661e-09,0.476863,-1.1974e-09,0.786917,1.17462
80.8,-2.81505e-09,0.47659,-1.32072e-09,0.786917,1.17462
80.9,-2.81718e-09,0.476265,-1.32056e-09,0.786917,1.17462
81.0,-2.76422e-09,0.47582,-1.29354e-09,0.786917,1.17462
81.1,-2.84657e-09,0.475539,-1.33187e-09,0.786917,1.17462
81.2,-2.98513e-09,0.475124,-1.39702e-09,0.786917,1.17462
81.3,-2.64732e-09,0.474682,-1.23499e-09,0.786917,1.17462
81.4,-2.59789e-09,0.474272,-1.21103e-09,0.786917,1.17462
81.5,-2.38627e-09,0.473777,-1.10861e-09,0.786917,1.17462
81.6,-2.63169e-09,0.473364,-1.22471e-09,0.786917,1.17462
81.7,-2.61602e-09,0.472886,-1.21638e-09,0.786917,1.17462
81.8,-2.43751e-09,0.472462,-1.12886e-09,0.786917,1.17462
81.9,-2.53476e-09,0.472013,-1.1764e-09,0.786917,1.17462
82.0,-2.58856e-09,0.471609,-1.20015e-09,0.786917,1.17462
82.1,-2.33535e-09,0.471243,-1.07884e-09,0.786917,1.17462
82.2,-3.14536e-09,0.470863,-1.45844e-09,0.786917,1.17462
82.3,-2.96366e-09,0.470457,-1.37336e-09,0.786917,1.17462
82.4,-2.49747e-09,0.469963,-1.15297e-09,0.786917,1.17462
82.5,-2.52281e-09,0.469573,-1.16413e-09,0.786917,1.17462
82.6,-2.27333e-09,0.469167,-1.04585e-09,0.786917,1.17462
82.7,-2.90317e-09,0.468744,-1.33887e-09,0.786917,1.17462
82.8,-2.13303e-09,0.46828,-9.77661e-10,0.786917,1.17462
82.9,-2.19302e-09,0.467917,-1.00497e-09,0.786917,1.17462
83.0,-2.69481e-09,0.46745,-1.23758e-09,0.786917,1.17462
83.1,-2.35307e-09,0.467005,-1.07719e-09,0.786917,1.17462
83.2,-2.66737e-09,0.466628,-1.22294e-09,0.786917,1.17462
83.3,-2.43445e-09,0.466237,-1.11366e-09,0.786917,1.17462
83.4,-2.73639e-09,0.465823,-1.25298e-09,0.786917,1.17462
83.5,-2.30354e-09,0.465425,-1.05059e-09,0.786917,1.17462
83.6,-2.99916e-09,0.464982,-1.37269e-09,0.786917,1.17462
83.7,-2.43621e-09,0.464571,-1.10984e-09,0.786917,1.17462
83.8,-2.88961e-09,0.464203,-1.31943e-09,0.786917,1.17462
83.9,-2.34646e-09,0.463854,-1.06784e-09,0.786917,1.17462
84.0,-2.90729e-09,0.463523,-1.32695e-09,0.786917,1.17462
84.1,-2.61631e-09,0.463183,-1.19116e-09,0.786917,1.17462
84.2,-2.94913e-09,0.462847,-1.34373e-09,0.786917,1.17462
84.3,-2.66423e-09,0.462498,-1.21075e-09,0.786917,1.17462
84.4,-2.75659e-09,0.462153,-1.25377e-09,0.786917,1.17462
84.5,-2.72237e-09,0.461803,-1.23619e-09,0.786917,1.17462
84.6,-2.60045e-09,0.461461,-1.17954e-09,0.786917,1.17462
84.7,-3.07341e-09,0.461141,-1.39627e-09,0.786917,1.17462
84.8,-2.73456e-09,0.460777,-1.23795e-09,0.786917,1.17462
84.9,-2.77377e-09,0.460461,-1.25541e-09,0.786917,1.17462
85.0,-2.75974e-09,0.460113,-1.2488e-09,0.786917,1.17462
85.1,-2.35543e-09,0.459716,-1.0606e-09,0.786917,1.17462
85.2,-2.53537e-09,0.45936,-1.14218e-09,0.786917,1.17462
85.3,-2.73446e-09,0.45904,-1.23301e-09,0.786917,1.17462
85.4,-2.67796e-09,0.458753,-1.2058e-09,0.786917,1.17462
85.5,-2.3138e-09,0.45838,-1.04062e-09,0.786917,1.17462
85.6,-2.5054e-09,0.458031,-1.12666e-09,0.786917,1.17462
85.7,-2.88278e-09,0.457648,-1.29841e-09,0.786917,1.17462
85.8,-2.55337e-09,0.457285,-1.14595e-09,0.786917,1.17462
85.9,-2.54144e-09,0.456942,-1.13964e-09,0.786917,1.17462
86.0,-2.42624e-09,0.456562,-1.08538e-09,0.786917,1.17462
86.1,-2.36592e-09,0.456204,-1.05819e-09,0.786917,1.17462
86.2,-2.63837e-09,0.455801,-1.18001e-09,0.786917,1.17462
86.3,-2.62505e-09,0.455378,-1.17486e-09,0.786917,1.17462
86.4,-2.85048e-09,0.454985,-1.27595e-09,0.786917,1.17462
86.5,-2.67801e-09,0.454537,-1.19513e-09,0.786917,1.17462
86.6,-2.27863e-09,0.45405,-1.01436e-09,0.786917,1.17462
86.7,-2.22155e-09,0.45348,-9.86613e-10,0.786917,1.17462
86.8,-2.32886e-09,0.45285,-1.03304e-09,0.786917,1.17462
86.9,-2.11062e-09,0.452081,-9.3379e-10,0.786917,1.17462
87.0,-2.24332e-09,0.451346,-9.9113e-10,0.786917,1.17462
87.1,-2.23635e-09,0.450618,-9.85646e-10,0.786917,1.17462
87.2,-2.45849e-09,0.449938,-1.08471e-09,0.786917,1.17462
87.3,-2.1781e-09,0.449212,-9.57486e-10,0.786917,1.17462
87.4,-2.29222e-09,0.448505,-1.0079e-09,0.786917,1.17462
87.5,-2.45251e-09,0.447793,-1.07727e-09,0.786917,1.17462
87.6,-2.42017e-09,0.447094,-1.06134e-09,0.786917,1.17462
87.7,-2.56548e-09,0.446419,-1.12359e-09,0.786917,1.17462
87.8,-2.31656e-09,0.44574,-1.01064e-09,0.786917,1.17462
87.9,-2.3331e-09,0.445102,-1.01783e-09,0.786917,1.17462
88.0,-2.43093e-09,0.44439,-1.06023e-09,0.786917,1.17462
88.1,-2.35214e-09,0.443592,-1.02261e-09,0.786917,1.17462
88.2,-2.26696e-09,0.443029,-9.83537e-10,0.786917,1.17462
88.3,-2.36212e-09,0.442413,-1.02388e-09,0.786917,1.17462
88.4,-2.53108e-09,0.441733,-1.09764e-09,0.786917,1.17462
88.5,-2.32897e-09,0.441135,-1.00601e-09,0.786917,1.17462
88.6,-2.35453e-09,0.440439,-1.01696e-09,0.786917,1.17462
88.7,-2.41398e-09,0.439773,-1.04009e-09,0.786917,1.17462
88.8,-2.48239e-09,0.43916,-1.06801e-09,0.786917,1.17462
88.9,-2.36717e-09,0.438571,-1.01714e-09,0.786917,1.17462
89.0,-2.73519e-09,0.437864,-1.17646e-09,0.786917,1.17462
89.1,-2.45086e-09,0.437194,-1.05077e-09,0.786917,1.17462
89.2,-2.94528e-09,0.43655,-1.26407e-09,0.786917,1.17462
89.3,-2.67365e-09,0.435934,-1.14441e-09,0.786917,1.17462
89.4,-2.71893e-09,0.435352,-1.16253e-09,0.786917,1.17462
89.5,-2.73728e-09,0.434761,-1.16805e-09,0.786917,1.17462
89.6,-2.77756e-09,0.434138,-1.18462e-09,0.786917,1.17462
89.7,-2.64457e-09,0.433512,-1.12555e-09,0.786917,1.17462
89.8,-2.55355e-09,0.432869,-1.08603e-09,0.786917,1.17462
89.9,-2.88537e-09,0.432311,-1.22592e-09,0.786917,1.17462
90.0,-2.53393e-09,0.431654,-1.07287e-09,0.786917,1.17462
90.1,-2.66062e-09,0.431062,-1.12648e-09,0.786917,1.17462
90.2,-2.40778e-09,0.430435,-1.01582e-09,0.786917,1.17462
90.3,-2.76455e-09,0.429772,-1.16642e-09,0.786917,1.17462
90.4,-2.565e-09,0.429156,-1.0795e-09,0.786917,1.17462
90.5,-2.7491e-09,0.428577,-1.15593e-09,0.786917,1.17462
90.6,-2.28431e-09,0.428006,-9.55549e-10,0.786917,1.17462
90.7,-2.68465e-09,0.427416,-1.12601e-09,0.786917,1.17462
90.8,-2.35068e-09,0.426807,-9.82607e-10,0.786917,1.17462
90.9,-2.16291e-09,0.426206,-9.00072e-10,0.786917,1.17462
91.0,-2.94101e-09,0.425561,-1.23013e-09,0.786917,1.17462
91.1,-2.2113e-09,0.425052,-9.17947e-10,0.786917,1.17462
91.2,-2.71102e-09,0.424478,-1.12886e-09,0.786917,1.17462
91.3,-2.35423e-09,0.423816,-9.76561e-10,0.786917,1.17462
91.4,-2.77287e-09,0.423276,-1.15169e-09,0.786917,1.17462
91.5,-2.38335e-09,0.422708,-9.8605e-10,0.786917,1.17462
91.6,-2.88105e-09,0.422132,-1.19477e-09,0.786917,1.17462
91.7,-2.75535e-09,0.421539,-1.1402e-09,0.786917,1.17462
91.8,-2.67645e-09,0.42101,-1.10515e-09,0.786917,1.17462
91.9,-2.49386e-09,0.420475,-1.02811e-09,0.786917,1.17462
92.0,-2.6069e-09,0.419879,-1.07248e-09,0.786917,1.17462
92.1,-2.69019e-09,0.419332,-1.10659e-09,0.786917,1.17462
92.2,-2.09799e-09,0.418704,-8.57715e-10,0.786917,1.17462
92.3,-2.71862e-09,0.418172,-1.11598e-09,0.786917,1.17462
92.4,-2.38491e-09,0.417622,-9.73526e-10,0.786917,1.17462
92.5,-2.67825e-09,0.417155,-1.09634e-09,0.786917,1.17462
92.6,-2.32921e-09,0.416586,-9.47225e-10,0.786917,1.17462
92.7,-2.62638e-09,0.415959,-1.07157e-09,0.786917,1.17462
92.8,-2.41694e-09,0.415426,-9.82652e-10,0.786917,1.17462
92.9,-2.55589e-09,0.414916,-1.03789e-09,0.786917,1.17462
93.0,-2.70234e-09,0.41446,-1.09831e-09,0.786917,1.17462
93.1,-2.34249e-09,0.413851,-9.46595e-10,0.786917,1.17462
93.2,-2.79885e-09,0.413317,-1.13485e-09,0.786917,1.17462
93.3,-2.40949e-09,0.412818,-9.72613e-10,0.786917,1.17462
93.4,-2.80928e-09,0.41227,-1.13575e-09,0.786917,1.17462
93.5,-2.51003e-09,0.411777,-1.01111e-09,0.786917,1.17462
93.6,-2.74489e-09,0.411218,-1.10566e-09,0.786917,1.17462
93.7,-2.50886e-09,0.410713,-1.00859e-09,0.786917,1.17462
93.8,-2.45146e-09,0.410266,-9.8288e-10,0.786917,1.17462
93.9,-2.4706e-09,0.409694,-9.88889e-10,0.786917,1.17462
94.0,-2.63627e-09,0.40922,-1.05676e-09,0.786917,1.17462
94.1,-3.0322e-09,0.408689,-1.21735e-09,0.786917,1.17462
94.2,-2.28542e-09,0.408144,-9.09241e-10,0.786917,1.17462
94.3,-3.01077e-09,0.4076,-1.20487e-09,0.786917,1.17462
94.4,-2.54474e-09,0.407118,-1.01357e-09,0.786917,1.17462
94.5,-2.86212e-09,0.406653,-1.13981e-09,0.786917,1.17462
94.6,-2.3557e-09,0.406138,-9.34303e-10,0.786917,1.17462
94.7,-2.6831e-09,0.405646,-1.06489e-09,0.786917,1.17462
94.8,-2.40907e-09,0.405156,-9.52936e-10,0.786917,1.17462
94.9,-2.48905e-09,0.404663,-9.84778e-10,0.786917,1.17462
95.0,-2.97746e-09,0.404229,-1.18106e-09,0.786917,1.17462
95.1,-2.46582e-09,0.403728,-9.72404e-10,0.786917,1.17462
95.2,-2.8655e-09,0.403184,-1.13278e-09,0.786917,1.17462
95.3,-2.59807e-09,0.402821,-1.02313e-09,0.786917,1.17462
95.4,-2.74995e-09,0.402348,-1.08352e-09,0.786917,1.17462
95.5,-2.75778e-09,0.401907,-1.08583e-09,0.786917,1.17462
95.6,-2.9105e-09,0.401474,-1.1452e-09,0.786917,1.17462
95.7,-2.59116e-09,0.40103,-1.01699e-09,0.786917,1.17462
95.8,-2.32647e-09,0.400586,-9.09907e-10,0.786917,1.17462
95.9,-2.75833e-09,0.400023,-1.08021e-09,0.786917,1.17462
96.0,-2.72338e-09,0.399539,-1.06427e-09,0.786917,1.17462
96.1,-2.53696e-09,0.399064,-9.89538e-10,0.786917,1.17462
96.2,-2.73167e-09,0.398597,-1.06622e-09,0.786917,1.17462
96.3,-2.49227e-09,0.398173,-9.68495e-10,0.786917,1.17462
96.4,-2.63672e-09,0.397735,-1.02557e-09,0.786917,1.17462
96.5,-2.61559e-09,0.397295,-1.01644e-09,0.786917,1.17462
96.6,-2.61874e-09,0.396853,-1.01625e-09,0.786917,1.17462
96.7,-2.6072e-09,0.396432,-1.00953e-09,0.786917,1.17462
96.8,-2.72379e-09,0.395975,-1.05613e-09,0.786917,1.17462
96.9,-2.50823e-09,0.395553,-9.692e-10,0.786917,1.17462
97.0,-2.37424e-09,0.395181,-9.15498e-10,0.786917,1.17462
97.1,-2.97849e-09,0.394782,-1.1521e-09,0.786917,1.17462
97.2,-2.93274e-09,0.394333,-1.13344e-09,0.786917,1.17462
97.3,-2.72043e-09,0.393939,-1.04805e-09,0.786917,1.17462
97.4,-2.51412e-09,0.393537,-9.65645e-10,0.786917,1.17462
97.5,-2.6721e-09,0.393141,-1.0259e-09,0.786917,1.17462
97.6,-2.58995e-09,0.392683,-9.92848e-10,0.786917,1.17462
97.7,-2.6044e-09,0.39231,-9.96897e-10,0.786917,1.17462
97.8,-2.86638e-09,0.391853,-1.09755e-09,0.786917,1.17462
97.9,-3.81245e-09,0.39146,-1.46802e-09,0.786917,1.17462
98.0,-2.37592e-09,0.39102,-9.05733e-10,0.786917,1.17462
98.1,-4.08166e-09,0.390697,-1.57294e-09,0.786917,1.17462
98.2,0.0101852,1.59878,0.0299005,0.787936,1.17761
98.3,0.00761409,3.18281,0.0242247,0.788697,1.18003
98.4,0.004745,3.18568,0.0151161,0.789171,1.18154
98.5,0.00505944,3.18539,0.0161163,0.789677,1.18315
98.6,0.00529845,3.18503,0.0168757,0.790207,1.18484
98.7,0.00547019,3.18481,0.0174215,0.790754,1.18658
98.8,0.00560855,3.1847,0.0178615,0.791315,1.18837
98.9,0.00571679,3.1845,0.0182051,0.791887,1.19019
99.0,0.00580238,3.18435,0.0184768,0.792467,1.19204
99.1,0.00587451,3.1843,0.0187062,0.793055,1.19391
99.2,0.00594265,3.18411,0.0189221,0.793649,1.1958
99.3,0.00534805,3.18464,0.0170308,0.794184,1.1975
99.4,0.00370266,3.18616,0.0117972,0.794554,1.19868
99.5,0.00367997,3.18623,0.0117253,0.794922,1.19985
99.6,0.00368027,3.1862,0.0117261,0.79529,1.20103
99.7,0.00367949,3.18618,0.0117235,0.795658,1.2022
99.8,0.00367867,3.18623,0.0117211,0.796026,1.20337
99.9,0.00367908,3.18621,0.0117224,0.796394,1.20454
100.0,0.00367846,3.18618,0.0117203,0.796761,1.20572
100.1,0.00367812,3.18621,0.0117193,0.797129,1.20689
100.2,0.00367054,3.18617,0.011695,0.797496,1.20806
100.3,0.00360141,3.1862,0.0114748,0.797856,1.2092
100.4,0.00348153,3.18632,0.0110933,0.798205,1.21031
100.5,0.00348055,3.18628,0.01109,0.798553,1.21142
100.6,0.00348034,3.18628,0.0110893,0.798901,1.21253
100.7,0.00352539,3.18624,0.0112327,0.799253,1.21366
100.8,0.00348837,3.18625,0.0111148,0.799602,1.21477
100.9,0.00377636,3.18597,0.0120286,0.79998,1.21597
101.0,0.00439405,3.18537,0.0139921,0.800419,1.21737
101.1,0.00619771,3.18353,0.0197305,0.801039,1.21934
101.2,0.00587933,3.18373,0.0187181,0.801627,1.22121
101.3,0.0059213,3.18358,0.0188508,0.802219,1.2231
101.4,0.0048128,3.18451,0.0153251,0.8027,1.22463
101.5,0.00410489,3.18528,0.0130752,0.803111,1.22594
101.6,0.00511728,3.18435,0.0162946,0.803622,1.22757
101.7,0.0059426,3.18345,0.0189178,0.804217,1.22946
101.8,0.00603279,3.18328,0.0192039,0.80482,1.23138
101.9,0.0061325,3.18307,0.01952,0.805433,1.23333
102.0,0.0125357,3.17736,0.038257,0.806687,1.23716
102.1,0.0174786,3.172,0.0553241,0.808435,1.24269
102.2,0.0161732,3.17285,0.0512025,0.810052,1.24781
102.3,0.0282184,3.16195,0.088844,0.812874,1.2567
102.4,0.0250395,3.16366,0.0790095,0.815378,1.2646
102.5,0.0174177,3.17072,0.0551012,0.81712,1.27011
102.6,0.0174203,3.17066,0.0551099,0.818862,1.27562
102.7,0.0173001,3.17065,0.0547293,0.820592,1.28109
102.8,0.0171517,3.17066,0.05426,0.822307,1.28652
102.9,0.0169209,3.17077,0.0535309,0.823999,1.29187
103.0,0.016917,3.17063,0.0535173,0.825691,1.29722
103.1,0.0201861,3.16756,0.0637681,0.827709,1.3036
103.2,0.0194513,3.16786,0.0614795,0.829654,1.30975
103.3,0.0417155,3.14838,0.130126,0.833826,1.32276
103.4,0.0343419,3.15292,0.107904,0.83726,1.33355
103.5,0.0256517,3.16113,0.0807517,0.839825,1.34162
103.6,0.020137,3.16575,0.0636044,0.841839,1.34798
103.7,0.0187547,3.16722,0.0592663,0.843714,1.35391
103.8,0.0178115,3.16804,0.0562999,0.845495,1.35954
103.9,0.0170962,3.16867,0.0540532,0.847205,1.36495
104.0,0.0169989,3.1686,0.0537443,0.848905,1.37032
104.1,0.0169537,3.16874,0.0536037,0.8506,1.37568
104.2,0.0167579,3.16883,0.0529867,0.852276,1.38098
104.3,0.016892,3.16863,0.0534084,0.853965,1.38632
104.4,0.0168124,3.16866,0.0531562,0.855647,1.39164
104.5,0.0136417,3.17136,0.0431464,0.857011,1.39595
104.6,0.000769862,3.18348,0.00245078,0.857088,1.3962
104.7,0.000760989,3.18396,0.00242289,0.857164,1.39644
104.8,0.000672091,3.18437,0.00214002,0.857231,1.39665
104.9,0.000926904,3.18436,0.0029512,0.857324,1.39695
105.0,0.000699732,3.18475,0.00222842,0.857394,1.39717
105.1,0.0007056,3.18495,0.00224722,0.857464,1.39739
105.2,0.000697849,3.18507,0.00222265,0.857534,1.39762
105.3,0.000705852,3.18518,0.00224818,0.857605,1.39784
105.4,0.000698386,3.18532,0.00222453,0.857674,1.39806
105.5,0.000705683,3.1854,0.00224779,0.857745,1.39829
105.6,0.000698133,3.18543,0.0022238,0.857815,1.39851
105.7,0.000705585,3.18552,0.00224757,0.857885,1.39874
105.8,0.000698232,3.18563,0.00222425,0.857955,1.39896
105.9,0.000704944,3.18567,0.00224564,0.858026,1.39918
106.0,0.000716486,3.18573,0.0022824,0.858097,1.39941
106.1,0.000697731,3.18583,0.00222279,0.858167,1.39963
106.2,0.000705392,3.18586,0.0022472,0.858238,1.39986
106.3,0.000697051,3.18592,0.00222069,0.858307,1.40008
106.4,0.000704508,3.18592,0.00224442,0.858378,1.4003
106.5,0.000698545,3.18595,0.00222547,0.858448,1.40053
106.6,0.000704478,3.18602,0.0022444,0.858518,1.40075
106.7,0.000697894,3.18608,0.00222349,0.858588,1.40097
106.8,0.000705009,3.18612,0.00224616,0.858658,1.4012
106.9,0.000696952,3.18606,0.00222047,0.858728,1.40142
107.0,0.000707201,3.18612,0.00225314,0.858799,1.40165
107.1,0.000697341,3.1862,0.00222181,0.858869,1.40187
107.2,0.000704665,3.18625,0.00224515,0.858939,1.40209
107.3,0.00069791,3.18626,0.00222366,0.859009,1.40232
107.4,0.00070411,3.18626,0.0022434,0.859079,1.40254
107.5,0.00071445,3.18629,0.00227632,0.859151,1.40277
107.6,0.000708593,3.18627,0.00225768,0.859222,1.40299
107.7,0.00069705,3.18627,0.00222093,0.859291,1.40322
107.8,0.000704072,3.1863,0.0022433,0.859362,1.40344
107.9,0.00069688,3.18631,0.00222041,0.859431,1.40366
108.0,0.000715385,3.18634,0.00227934,0.859503,1.40389
108.1,0.000704669,3.18635,0.00224523,0.859573,1.40411
108.2,0.000696602,3.18635,0.00221956,0.859643,1.40434
108.3,0.000704111,3.18644,0.00224352,0.859713,1.40456
108.4,0.000697007,3.18643,0.00222091,0.859783,1.40478
108.5,0.000704926,3.1865,0.00224616,0.859854,1.40501
108.6,0.000696633,3.18648,0.00221974,0.859923,1.40523
108.7,0.000704658,3.18647,0.00224528,0.859994,1.40545
108.8,0.000696549,3.18649,0.00221949,0.860063,1.40568
108.9,0.000703184,3.18653,0.00224064,0.860134,1.4059
109.0,0.000699174,3.18649,0.00222785,0.860204,1.40612
109.1,0.000703719,3.18652,0.00224233,0.860274,1.40635
109.2,0.000696633,3.18657,0.00221981,0.860344,1.40657
109.3,0.000703937,3.18654,0.00224304,0.860414,1.40679
109.4,0.000696125,3.18655,0.00221819,0.860484,1.40701
109.5,0.00070436,3.1865,0.00224435,0.860554,1.40724
109.6,0.000696509,3.18653,0.00221939,0.860624,1.40746
109.7,0.000703823,3.18661,0.00224273,0.860694,1.40769
109.8,0.000705736,3.18662,0.00224883,0.860765,1.40791
109.9,0.000698522,3.18654,0.00222581,0.860835,1.40813
110.0,0.000714824,3.18657,0.00227773,0.860906,1.40836
110.1,0.000708224,3.18664,0.00225677,0.860977,1.40859
110.2,0.00069614,3.1866,0.00221827,0.861047,1.40881
110.3,0.00070427,3.18662,0.00224415,0.861117,1.40903
110.4,0.000700694,3.1866,0.00223278,0.861187,1.40926
110.5,0.000709394,3.18667,0.00226051,0.861258,1.40948
110.6,0.000697048,3.18664,0.00222118,0.861328,1.4097
110.7,0.00071143,3.18665,0.002267,0.861399,1.40993
110.8,0.000700619,3.18666,0.00223258,0.861469,1.41015
110.9,0.000703857,3.18666,0.00224287,0.861539,1.41038
111.0,0.000699669,3.18667,0.00222955,0.861609,1.4106
111.1,0.000708188,3.18668,0.00225668,0.86168,1.41083
111.2,0.000701033,3.18668,0.0022339,0.86175,1.41105
111.3,0.00070824,3.18669,0.00225684,0.861821,1.41128
111.4,0.000697104,3.18671,0.00222141,0.861891,1.4115
111.5,0.00071016,3.18672,0.00226299,0.861962,1.41172
111.6,0.000696534,3.18665,0.00221955,0.862031,1.41195
111.7,0.000709347,3.18664,0.00226035,0.862102,1.41217
111.8,0.000696043,3.18668,0.00221801,0.862172,1.41239
111.9,0.000709141,3.18667,0.00225972,0.862243,1.41262
112.0,0.000720832,3.18667,0.00229694,0.862315,1.41285
112.1,0.000696419,3.1867,0.00221922,0.862385,1.41307
112.2,0.000712004,3.18673,0.00226885,0.862456,1.4133
112.3,0.00070394,3.18666,0.00224313,0.862526,1.41352
112.4,0.000709029,3.18668,0.00225935,0.862597,1.41375
112.5,0.000697765,3.18673,0.00222353,0.862667,1.41397
112.6,0.000702908,3.18673,0.00223989,0.862737,1.4142
112.7,0.00069595,3.18673,0.00221774,0.862807,1.41442
112.8,0.000703896,3.18676,0.00224305,0.862877,1.41464
112.9,0.000719856,3.18672,0.00229389,0.862949,1.41487
113.0,0.000706334,3.18669,0.00225077,0.86302,1.4151
113.1,0.000695925,3.18669,0.00221763,0.863089,1.41532
113.2,0.000703718,3.18673,0.00224246,0.86316,1.41554
113.3,0.000706451,3.18674,0.00225118,0.86323,1.41577
113.4,0.00069309,3.18672,0.00220862,0.8633,1.41599
113.5,0.000704362,3.18672,0.00224451,0.86337,1.41621
113.6,0.000695005,3.18673,0.00221473,0.86344,1.41643
113.7,0.000704413,3.18674,0.00224469,0.86351,1.41666
113.8,0.000693791,3.18674,0.00221087,0.863579,1.41688
113.9,0.00070402,3.1867,0.00224342,0.86365,1.4171
114.0,0.00071389,3.18672,0.00227487,0.863721,1.41733
114.1,0.000695567,3.18676,0.00221654,0.863791,1.41755
114.2,0.000703429,3.18675,0.00224156,0.863861,1.41778
114.3,0.00069609,3.18679,0.00221822,0.863931,1.418
114.4,0.000702883,3.18672,0.0022398,0.864001,1.41822
114.5,0.000696925,3.1867,0.00222083,0.864071,1.41844
114.6,0.000703305,3.18676,0.00224118,0.864141,1.41867
114.7,0.00070021,3.18674,0.00223132,0.864211,1.41889
114.8,0.000706953,3.18675,0.0022528,0.864282,1.41912
114.9,0.000695195,3.18683,0.00221541,0.864351,1.41934
115.0,0.000714053,3.18673,0.0022754,0.864423,1.41957
115.1,0.000700137,3.18671,0.00223107,0.864493,1.41979
115.2,0.000707665,3.18672,0.00225504,0.864563,1.42001
115.3,0.000699943,3.18683,0.00223054,0.864633,1.42024
115.4,0.000727108,3.18678,0.00231703,0.864706,1.42047
115.5,0.000695445,3.18679,0.00221617,0.864776,1.42069
115.6,0.000702822,3.18668,0.00223958,0.864846,1.42092
115.7,0.000696022,3.18673,0.00221797,0.864916,1.42114
115.8,0.000703234,3.18673,0.00224092,0.864986,1.42136
115.9,0.000696267,3.18678,0.00221878,0.865055,1.42158
116.0,0.000714545,3.18676,0.00227699,0.865127,1.42181
116.1,0.000703275,3.18677,0.00224108,0.865197,1.42203
116.2,0.000695973,3.1867,0.0022178,0.865267,1.42226
116.3,0.000703184,3.18665,0.00224071,0.865337,1.42248
116.4,0.000704197,3.18659,0.0022439,0.865408,1.42271
116.5,0.000695786,3.18652,0.00221707,0.865477,1.42293
116.6,0.000703926,3.18663,0.00224306,0.865548,1.42315
116.7,0.00069492,3.18666,0.00221442,0.865617,1.42337
116.8,0.000703658,3.18666,0.00224222,0.865687,1.4236
116.9,0.00069649,3.18666,0.00221942,0.865757,1.42382
117.0,0.00071575,3.18662,0.00228069,0.865829,1.42405
117.1,0.000704088,3.1866,0.00224355,0.865899,1.42427
117.2,0.000696646,3.18664,0.0022199,0.865969,1.42449
117.3,0.00070394,3.18664,0.00224311,0.866039,1.42472
117.4,0.000706309,3.18664,0.00225066,0.86611,1.42494
117.5,0.000693214,3.18666,0.00220898,0.866179,1.42516
117.6,0.000704171,3.18663,0.00224384,0.866249,1.42539
117.7,0.000695726,3.18667,0.00221699,0.866319,1.42561
117.8,0.000703394,3.18661,0.00224135,0.866389,1.42583
117.9,0.000696353,3.18665,0.00221897,0.866459,1.42606
118.0,0.000715013,3.18666,0.00227838,0.866531,1.42628
118.1,0.000704624,3.18663,0.00224527,0.866601,1.42651
118.2,0.000695792,3.18658,0.00221714,0.866671,1.42673
118.3,0.000703901,3.18676,0.00224307,0.866741,1.42695
118.4,0.000696598,3.18667,0.00221977,0.866811,1.42718
118.5,0.000704128,3.1867,0.00224376,0.866881,1.4274
118.6,0.000695436,3.1867,0.00221609,0.866951,1.42762
118.7,0.000703366,3.18672,0.00224134,0.867021,1.42785
118.8,0.000696493,3.18672,0.00221946,0.867091,1.42807
118.9,0.000704134,3.18661,0.00224371,0.867161,1.42829
119.0,0.00069838,3.1867,0.00222546,0.867231,1.42851
119.1,0.000702433,3.1867,0.00223836,0.867301,1.42874
119.2,0.000696353,3.18674,0.00221903,0.867371,1.42896
119.3,0.000702694,3.18669,0.00223918,0.867441,1.42918
119.4,0.000695023,3.18671,0.00221477,0.86751,1.42941
119.5,0.000702821,3.18675,0.00223963,0.867581,1.42963
119.6,0.000695681,3.18673,0.00221688,0.86765,1.42985
119.7,0.000703136,3.18678,0.00224065,0.867721,1.43008
119.8,0.000695857,3.18673,0.00221744,0.86779,1.4303
119.9,0.000702445,3.18673,0.00223842,0.86786,1.43052
120.0,0.000714098,3.18673,0.00227552,0.867932,1.43075
120.1,0.000704364,3.18674,0.00224454,0.868002,1.43097
120.2,0.000694477,3.18673,0.00221304,0.868072,1.43119
120.3,0.000703358,3.18664,0.00224126,0.868142,1.43142
120.4,0.000694689,3.1867,0.0022137,0.868212,1.43164
120.5,0.000703994,3.18663,0.00224327,0.868282,1.43186
120.6,0.000695755,3.18673,0.00221712,0.868352,1.43209
120.7,0.000704189,3.18671,0.00224395,0.868422,1.43231
120.8,0.00069598,3.18672,0.00221783,0.868492,1.43253
120.9,0.000703753,3.18671,0.00224256,0.868562,1.43276
121.0,0.000698619,3.18675,0.00222626,0.868632,1.43298
121.1,0.000703474,3.18674,0.0022417,0.868702,1.4332
121.2,0.000696546,3.18671,0.00221962,0.868772,1.43343
121.3,0.000703818,3.18671,0.00224277,0.868842,1.43365
121.4,0.000696491,3.18676,0.00221949,0.868912,1.43387
121.5,0.000342255,3.02297,0.00109063,0.868946,1.43398
121.6,4.65286e-09,1.91444,1.36356e-08,0.868946,1.43398
121.7,-2.98642e-09,0.544099,-1.59513e-09,0.868946,1.43398
121.8,-3.77453e-09,0.496612,-1.81488e-09,0.868946,1.43398
121.9,-2.8543e-09,0.506163,-1.42803e-09,0.868946,1.43398
122.0,-2.5626e-09,0.508744,-1.28331e-09,0.868946,1.43398
122.1,-2.51195e-09,0.508679,-1.24765e-09,0.868946,1.43398
122.2,-3.3443e-09,0.5036,-1.65815e-09,0.868946,1.43398
122.3,-3.61989e-09,0.492947,-1.74109e-09,0.868946,1.43398
122.4,-7.34026e-09,0.489215,-3.56903e-09,0.868946,1.43398
122.5,-4.36619e-09,0.489243,-2.11027e-09,0.868946,1.43398
122.6,-2.75178e-09,0.489249,-1.32646e-09,0.868946,1.43398
122.7,-2.70871e-09,0.489012,-1.30205e-09,0.868946,1.43398
122.8,-2.63507e-09,0.48914,-1.26413e-09,0.868946,1.43398
122.9,-2.67296e-09,0.489108,-1.28427e-09,0.868946,1.43398
123.0,-2.4226e-09,0.489024,-1.16094e-09,0.868946,1.43398
123.1,-2.36721e-09,0.488906,-1.13438e-09,0.868946,1.43398
123.2,-2.53696e-09,0.488767,-1.21628e-09,0.868946,1.43398
123.3,-2.38175e-09,0.488506,-1.13973e-09,0.868946,1.43398
123.4,-2.5241e-09,0.488139,-1.20747e-09,0.868946,1.43398
123.5,-2.65145e-09,0.487818,-1.26893e-09,0.868946,1.43398
123.6,-2.61625e-09,0.487472,-1.25122e-09,0.868946,1.43398
123.7,-2.69107e-09,0.487121,-1.28676e-09,0.868946,1.43398
123.8,-2.28278e-09,0.486641,-1.08776e-09,0.868946,1.43398
123.9,-1.87792e-09,0.486298,-8.89241e-10,0.868946,1.43398
124.0,-2.11296e-09,0.48591,-1.00291e-09,0.868946,1.43398
124.1,-2.22927e-09,0.485523,-1.05977e-09,0.868946,1.43398
124.2,-2.58165e-09,0.485171,-1.22767e-09,0.868946,1.43398
124.3,-2.24184e-09,0.484722,-1.06289e-09,0.868946,1.43398
124.4,-2.4489e-09,0.48436,-1.16288e-09,0.868946,1.43398
124.5,-2.21139e-09,0.483956,-1.04621e-09,0.868946,1.43398
124.6,-2.33499e-09,0.48355,-1.105e-09,0.868946,1.43398
124.7,-2.53213e-09,0.483191,-1.19925e-09,0.868946,1.43398
124.8,-2.81861e-09,0.482806,-1.33729e-09,0.868946,1.43398
124.9,-2.48281e-09,0.482361,-1.17423e-09,0.868946,1.43398
125.0,-2.43511e-09,0.482014,-1.15061e-09,0.868946,1.43398
125.1,-2.3645e-09,0.481562,-1.1151e-09,0.868946,1.43398
125.2,-2.48852e-09,0.481114,-1.17391e-09,0.868946,1.43398
125.3,-2.52992e-09,0.480747,-1.19319e-09,0.868946,1.43398
125.4,-2.52506e-09,0.480271,-1.1893e-09,0.868946,1.43398
125.5,-2.38494e-09,0.479871,-1.12006e-09,0.868946,1.43398
125.6,-2.12726e-09,0.479454,-9.9761e-10,0.868946,1.43398
125.7,-1.94954e-09,0.479006,-9.10911e-10,0.868946,1.43398
125.8,-1.93595e-09,0.478636,-9.04275e-10,0.868946,1.43398
125.9,-2.3519e-09,0.478136,-1.1009e-09,0.868946,1.43398
126.0,-2.1819e-09,0.477742,-1.01964e-09,0.868946,1.43398
126.1,-1.95785e-09,0.477293,-9.11395e-10,0.868946,1.43398
126.2,-2.22597e-09,0.476862,-1.03827e-09,0.868946,1.43398
126.3,-2.95597e-09,0.476478,-1.3846e-09,0.868946,1.43398
126.4,-6.83526e-09,0.476039,-3.22905e-09,0.868946,1.43398
126.5,-6.01963e-09,0.475594,-2.84214e-09,0.868946,1.43398
126.6,1.17749e-07,0.475295,5.60332e-08,0.868946,1.43398
126.7,0.0176035,2.43515,0.0359338,0.870706,1.43757
126.8,0.00343828,2.72367,0.00936287,0.87105,1.43851
126.9,0.00351747,2.72883,0.00959852,0.871402,1.43947
127.0,0.00366351,2.72785,0.00999345,0.871768,1.44047
127.1,0.00378753,2.7262,0.0103255,0.872147,1.4415
127.2,0.00389043,2.72465,0.0106,0.872536,1.44256
127.3,0.00397561,2.72318,0.0108262,0.872934,1.44364
127.4,0.00404733,2.72183,0.0110161,0.873338,1.44475
127.5,0.00410652,2.7207,0.0111726,0.873749,1.44586
127.6,0.00415374,2.7196,0.0112965,0.874164,1.44699
127.7,0.00419853,2.71873,0.0114146,0.874584,1.44813
127.8,0.00420245,2.71826,0.0114233,0.875005,1.44928
127.9,0.00393111,2.72132,0.0106975,0.875398,1.45035
128.0,0.00389578,2.72194,0.010604,0.875787,1.45141
128.1,0.00390058,2.72171,0.0106162,0.876177,1.45247
128.2,0.00389966,2.72156,0.0106131,0.876567,1.45353
128.3,0.0038994,2.72141,0.0106118,0.876957,1.45459
128.4,0.00390093,2.72129,0.0106155,0.877347,1.45565
128.5,0.0039007,2.72115,0.0106143,0.877737,1.45671
128.6,0.00390218,2.72097,0.0106176,0.878128,1.45778
128.7,0.00389129,2.72096,0.010588,0.878517,1.45883
128.8,0.00382727,2.7215,0.0104157,0.878899,1.45988
128.9,0.00366479,2.72365,0.00998154,0.879266,1.46087
129.0,0.00367075,2.72361,0.00999759,0.879633,1.46187
129.1,0.00366476,2.72363,0.00998139,0.879999,1.46287
129.2,0.00371344,2.72299,0.0101114,0.880371,1.46388
129.3,0.00367209,2.72344,0.0100007,0.880738,1.46488
129.4,0.00382949,2.72225,0.0104042,0.881121,1.46592
129.5,0.00424327,2.71701,0.011488,0.881545,1.46707
129.6,0.00673091,2.6842,0.0180662,0.882218,1.46888
129.7,0.00630208,2.68709,0.0169338,0.882849,1.47057
129.8,0.0063645,2.68556,0.0170917,0.883485,1.47228
129.9,0.00539554,2.6955,0.0145258,0.884025,1.47373
130.0,0.0042358,2.71182,0.0114851,0.884448,1.47488
130.1,0.00543536,2.69828,0.014657,0.884992,1.47635
130.2,0.00623717,2.6872,0.0167555,0.885615,1.47802
130.3,0.00649177,2.68243,0.0174131,0.886265,1.47977
130.4,0.00659592,2.6804,0.0176792,0.886924,1.48153
130.5,0.0879521,2.03474,0.0959853,0.895719,1.49113
130.6,0.190605,0.954887,0.181772,0.91478,1.50931
130.7,0.0576922,1.94607,0.0648838,0.920549,1.5158
130.8,0.00462196,2.55216,0.0116445,0.921011,1.51696
130.9,0.00285512,2.63165,0.00751398,0.921297,1.51771
131.0,0.00321915,2.65457,0.00854494,0.921619,1.51857
131.1,0.00390963,2.66064,0.0104017,0.92201,1.51961
131.2,0.0038645,2.67031,0.0103193,0.922396,1.52064
131.3,0.00385845,2.67697,0.0103289,0.922782,1.52167
131.4,0.00385813,2.68193,0.0103472,0.923168,1.52271
131.5,0.0038632,2.6856,0.0103749,0.923554,1.52375
131.6,0.00384934,2.68882,0.0103501,0.923939,1.52478
131.7,0.00384632,2.69119,0.0103511,0.924324,1.52582
131.8,0.00384766,2.69323,0.0103626,0.924708,1.52685
131.9,0.00383357,2.69507,0.0103317,0.925092,1.52788
132.0,0.00377125,2.69717,0.0101716,0.925469,1.5289
132.1,0.00360466,2.70069,0.00973501,0.925829,1.52988
132.2,0.00360213,2.70205,0.00973308,0.92619,1.53085
132.3,0.00359699,2.70311,0.00972302,0.926549,1.53182
132.4,0.00365313,2.7033,0.00987523,0.926915,1.53281
132.5,0.00361058,2.70466,0.00976529,0.927276,1.53379
132.6,0.00374178,2.70414,0.0100988,0.92765,1.53479
132.7,0.00417334,2.6993,0.011225,0.928067,1.53592
132.8,0.00667697,2.6677,0.0178112,0.928735,1.5377
132.9,0.00624784,2.67102,0.0166876,0.92936,1.53937
133.0,0.0063055,2.67004,0.0168355,0.92999,1.54105
133.1,0.00535806,2.6802,0.0143428,0.930526,1.54249
133.2,0.00416261,2.69745,0.0112268,0.930942,1.54361
133.3,0.00535124,2.68449,0.014356,0.931477,1.54504
133.4,0.0061608,2.6737,0.0164667,0.932094,1.54669
133.5,0.00644557,2.66892,0.0172021,0.932738,1.54841
133.6,0.00653816,2.66741,0.0174394,0.933392,1.55015
133.7,0.0844474,2.05265,0.0922308,0.941837,1.55938
133.8,0.171772,0.913903,0.16185,0.959014,1.57556
133.9,-6.39845e-09,0.49279,-3.48089e-09,0.959014,1.57556
134.0,-3.48533e-09,0.470174,-1.60197e-09,0.959014,1.57556
134.1,-2.41172e-09,0.472617,-1.10954e-09,0.959014,1.57556
134.2,-3.15407e-09,0.473905,-1.46737e-09,0.959014,1.57556
134.3,-3.35654e-09,0.474467,-1.56766e-09,0.959014,1.57556
134.4,-2.99884e-09,0.474888,-1.40103e-09,0.959014,1.57556
134.5,-3.14758e-09,0.474876,-1.4719e-09,0.959014,1.57556
134.6,-2.72736e-09,0.474957,-1.27029e-09,0.959014,1.57556
134.7,-2.62641e-09,0.474996,-1.2252e-09,0.959014,1.57556
134.8,-2.76863e-09,0.474804,-1.29247e-09,0.959014,1.57556
134.9,-2.66638e-09,0.474558,-1.24223e-09,0.959014,1.57556
135.0,-2.41452e-09,0.474249,-1.1229e-09,0.959014,1.57556
135.1,-2.44967e-09,0.473913,-1.13801e-09,0.959014,1.57556
135.2,-2.69822e-09,0.473448,-1.25452e-09,0.959014,1.57556
135.3,-3.63019e-09,0.473045,-1.69478e-09,0.959014,1.57556
135.4,-3.12543e-09,0.472505,-1.45447e-09,0.959014,1.57556
135.5,-2.51393e-09,0.472012,-1.16484e-09,0.959014,1.57556
135.6,-2.5993e-09,0.471456,-1.20403e-09,0.959014,1.57556
135.7,-2.4963e-09,0.470849,-1.15415e-09,0.959014,1.57556
135.8,-2.50108e-09,0.470236,-1.15455e-09,0.959014,1.57556
135.9,-2.50871e-09,0.46967,-1.15747e-09,0.959014,1.57556
136.0,-3.01029e-09,0.468998,-1.39013e-09,0.959014,1.57556
136.1,-2.50865e-09,0.468429,-1.15384e-09,0.959014,1.57556
136.2,-2.41848e-09,0.467864,-1.1105e-09,0.959014,1.57556
136.3,-2.73416e-09,0.467237,-1.25595e-09,0.959014,1.57556
136.4,-2.66501e-09,0.466613,-1.22093e-09,0.959014,1.57556
136.5,-2.50294e-09,0.46605,-1.14496e-09,0.959014,1.57556
136.6,-2.69645e-09,0.465432,-1.23344e-09,0.959014,1.57556
136.7,-2.55278e-09,0.464787,-1.16291e-09,0.959014,1.57556
136.8,-2.4565e-09,0.464171,-1.11883e-09,0.959014,1.57556
136.9,-2.57499e-09,0.463516,-1.17286e-09,0.959014,1.57556
137.0,-2.54174e-09,0.462891,-1.15653e-09,0.959014,1.57556
137.1,-2.41721e-09,0.462321,-1.09755e-09,0.959014,1.57556
137.2,-2.36525e-09,0.461621,-1.07143e-09,0.959014,1.57556
137.3,-2.55691e-09,0.461122,-1.15768e-09,0.959014,1.57556
137.4,-2.5397e-09,0.460477,-1.14817e-09,0.959014,1.57556
137.5,-2.6952e-09,0.459806,-1.21843e-09,0.959014,1.57556
137.6,-2.67419e-09,0.459108,-1.20592e-09,0.959014,1.57556
137.7,-2.74089e-09,0.458502,-1.23615e-09,0.959014,1.57556
137.8,-2.6159e-09,0.457822,-1.17626e-09,0.959014,1.57556
137.9,-2.99285e-09,0.457182,-1.34814e-09,0.959014,1.57556
138.0,-2.79864e-09,0.456483,-1.25764e-09,0.959014,1.57556
138.1,-2.73155e-09,0.455831,-1.22471e-09,0.959014,1.57556
138.2,-2.28283e-09,0.455116,-1.01949e-09,0.959014,1.57556
138.3,-2.38206e-09,0.454441,-1.06231e-09,0.959014,1.57556
138.4,-2.23436e-09,0.453819,-9.92247e-10,0.959014,1.57556
138.5,-5.52103e-09,0.453147,-2.48149e-09,0.959014,1.57556
138.6,-5.24757e-09,0.452497,-2.35496e-09,0.959014,1.57556
138.7,-6.48845e-09,0.451922,-2.91174e-09,0.959014,1.57556
138.8,9.3673e-08,0.451302,4.23041e-08,0.959014,1.57556
138.9,0.0140297,2.61496,0.0386488,0.960417,1.57943
139.0,0.00400953,2.93798,0.0117784,0.960818,1.58061
139.1,0.00403182,2.93809,0.0118459,0.961221,1.58179
139.2,0.00424304,2.93781,0.0124652,0.961645,1.58304
139.3,0.00441521,2.9376,0.0129701,0.962087,1.58433
139.4,0.00455516,2.93741,0.0133804,0.962542,1.58567
139.5,0.00466568,2.93727,0.0137044,0.963009,1.58704
139.6,0.00475648,2.93713,0.0139704,0.963484,1.58844
139.7,0.00483039,2.93706,0.0141872,0.963967,1.58986
139.8,0.00488901,2.93692,0.0143586,0.964456,1.59129
139.9,0.00493473,2.93685,0.0144926,0.96495,1.59274
140.0,0.00497211,2.93678,0.014602,0.965447,1.5942
140.1,0.00424869,2.93762,0.0124807,0.965872,1.59545
140.2,0.00377343,2.93818,0.011087,0.966249,1.59656
140.3,0.00377437,2.93819,0.0110898,0.966627,1.59767
140.4,0.00377579,2.93819,0.011094,0.967004,1.59878
140.5,0.0037738,2.9382,0.0110882,0.967382,1.59989
140.6,0.00377437,2.93818,0.0110898,0.967759,1.601
140.7,0.00377526,2.93817,0.0110924,0.968137,1.6021
140.8,0.00377647,2.93816,0.0110959,0.968514,1.60321
140.9,0.00376814,2.93814,0.0110713,0.968891,1.60432
141.0,0.00377369,2.93813,0.0110876,0.969268,1.60543
141.1,0.00360956,2.93834,0.0106061,0.969629,1.60649
141.2,0.00355874,2.93837,0.0104569,0.969985,1.60754
141.3,0.00355971,2.93841,0.0104599,0.970341,1.60858
141.4,0.0036047,2.93836,0.0105919,0.970702,1.60964
141.5,0.00355797,2.93844,0.0104549,0.971058,1.61069
141.6,0.00350903,2.9384,0.0103107,0.971408,1.61172
141.7,0.00357223,2.93834,0.0104939,0.971766,1.61277
141.8,0.00567462,2.93595,0.0166558,0.972333,1.61443
141.9,0.0061905,2.93515,0.0181698,0.972952,1.61625
142.0,0.00604722,2.93525,0.0177499,0.973557,1.61803
142.1,0.00621434,2.93507,0.0182394,0.974178,1.61985
142.2,0.00412261,2.93754,0.0121097,0.974591,1.62106
142.3,0.00437545,2.93737,0.0128521,0.975028,1.62235
142.4,0.00574352,2.9357,0.0168607,0.975602,1.62403
142.5,0.00621909,2.93502,0.018253,0.976224,1.62586
142.6,0.0062403,2.93493,0.0183146,0.976848,1.62769
142.7,0.00635757,2.93482,0.0186581,0.977484,1.62955
142.8,0.0173336,2.92235,0.0489369,0.979218,1.63445
142.9,0.0173234,2.92138,0.050443,0.98095,1.63949
143.0,0.0168242,2.92188,0.0489997,0.982632,1.64439
143.1,0.0372343,2.89872,0.107444,0.986356,1.65514
143.2,0.0205724,2.91668,0.0598001,0.988413,1.66112
143.3,0.0184134,2.91956,0.0535812,0.990254,1.66647
143.4,0.0182655,2.91978,0.0531528,0.992081,1.67179
143.5,0.0182158,2.9198,0.0530123,0.993902,1.67709
143.6,0.0180669,2.91993,0.0525809,0.995709,1.68235
143.7,0.0178819,2.92011,0.0520476,0.997497,1.68755
143.8,0.01773,2.92018,0.0516048,0.99927,1.69271
143.9,0.0234229,2.91363,0.0679856,1.00161,1.69951
144.0,0.0188082,2.91859,0.0547114,1.00349,1.70498
144.1,0.0591727,2.87365,0.1685,1.00941,1.72183
144.2,0.0248145,2.91058,0.0719837,1.01189,1.72903
144.3,0.0287807,2.90672,0.0831662,1.01477,1.73735
144.4,0.0197375,2.91683,0.0573817,1.01674,1.74309
144.5,0.0197507,2.91704,0.0574207,1.01872,1.74883
144.6,0.018571,2.91848,0.0540206,1.02058,1.75423
144.7,0.0177818,2.91935,0.0517421,1.02235,1.75941
144.8,0.017872,2.91935,0.0520066,1.02414,1.76461
144.9,0.0178557,2.91937,0.0519572,1.02593,1.7698
145.0,0.0178354,2.91936,0.0519023,1.02771,1.77499
145.1,0.0176595,2.91953,0.0513922,1.02948,1.78013
145.2,0.0173293,2.91985,0.0504348,1.03121,1.78518
145.3,0.00846036,2.92993,0.0246475,1.03206,1.78764
145.4,0.000802556,2.93951,0.00235902,1.03214,1.78788
145.5,0.000802377,2.93995,0.00235885,1.03222,1.78811
145.6,0.000786034,2.94017,0.00231057,1.03229,1.78834
145.7,0.000960858,2.94015,0.00282482,1.03239,1.78863
145.8,0.000772381,2.94054,0.00227108,1.03247,1.78885
145.9,0.000748214,2.94062,0.00220015,1.03254,1.78907
146.0,0.00075465,2.94076,0.00221915,1.03262,1.78929
146.1,0.000748637,2.94077,0.0022015,1.03269,1.78951
146.2,0.000754502,2.94088,0.0022188,1.03277,1.78974
146.3,0.000755305,2.94098,0.00222124,1.03284,1.78996
146.4,0.000747003,2.94103,0.00219689,1.03292,1.79018
146.5,0.000754143,2.94103,0.00221786,1.03299,1.7904
146.6,0.000747725,2.94108,0.00219906,1.03307,1.79062
146.7,0.000753732,2.94106,0.00221668,1.03314,1.79084
146.8,0.0007674,2.94117,0.00225693,1.03322,1.79107
146.9,0.000747149,2.94119,0.00219744,1.0333,1.79129
147.0,0.000753721,2.94117,0.00221672,1.03337,1.79151
147.1,0.000754103,2.94125,0.00221791,1.03345,1.79173
147.2,0.000746896,2.94126,0.00219675,1.03352,1.79195
147.3,0.000754688,2.94123,0.00221961,1.0336,1.79217
147.4,0.000746975,2.94131,0.00219701,1.03367,1.79239
147.5,0.000753096,2.94136,0.00221503,1.03375,1.79261
147.6,0.000746087,2.94139,0.00219446,1.03382,1.79283
147.7,0.000751952,2.9413,0.00221162,1.0339,1.79305
147.8,0.000754658,2.94139,0.00221965,1.03397,1.79328
147.9,0.000746281,2.94134,0.00219499,1.03405,1.7935
148.0,0.000752724,2.94146,0.00221401,1.03412,1.79372
148.1,0.000752478,2.94141,0.00221325,1.0342,1.79394
148.2,0.000763174,2.94144,0.00224469,1.03427,1.79416
148.3,0.000745921,2.94152,0.00219408,1.03435,1.79438
148.4,0.000752701,2.94151,0.00221398,1.03442,1.7946
148.5,0.000754407,2.94148,0.00221898,1.0345,1.79483
148.6,0.000742306,2.9415,0.00218343,1.03457,1.79504
148.7,0.000751727,2.94153,0.00221114,1.03465,1.79526
148.8,0.000766863,2.94147,0.00225558,1.03472,1.79549
148.9,0.000746882,2.94151,0.00219689,1.0348,1.79571
149.0,0.000751184,2.94156,0.00220955,1.03487,1.79593
149.1,0.000745068,2.94158,0.00219161,1.03495,1.79615
149.2,0.000751344,2.94156,0.00221003,1.03502,1.79637
149.3,0.000753832,2.94157,0.00221736,1.0351,1.79659
149.4,0.000743548,2.94166,0.00218719,1.03517,1.79681
149.5,0.000751134,2.94165,0.00220948,1.03525,1.79703
149.6,0.000744188,2.94161,0.00218905,1.03532,1.79725
149.7,0.000750962,2.9416,0.00220893,1.0354,1.79747
149.8,0.000747089,2.94161,0.00219757,1.03547,1.79769
149.9,0.000751257,2.94165,0.00220984,1.03555,1.79791
150.0,0.00075267,2.94163,0.00221399,1.03562,1.79813
150.1,0.000744801,2.9416,0.00219084,1.0357,1.79835
150.2,0.000751644,2.94159,0.00221093,1.03577,1.79857
150.3,0.000748003,2.94159,0.00220026,1.03585,1.79879
150.4,0.000752793,2.9416,0.00221432,1.03592,1.79902
150.5,0.000746105,2.94157,0.00219465,1.036,1.79924
150.6,0.000752247,2.94169,0.00221278,1.03607,1.79946
150.7,0.000753107,2.94165,0.00221528,1.03615,1.79968
150.8,0.000764483,2.94163,0.00224872,1.03623,1.7999
150.9,0.000745666,2.94168,0.00219344,1.0363,1.80012
151.0,0.000752196,2.94162,0.00221258,1.03637,1.80034
151.1,0.00074544,2.94166,0.00219276,1.03645,1.80056
151.2,0.000751583,2.94169,0.00221083,1.03652,1.80078
151.3,0.000754105,2.94168,0.00221824,1.0366,1.80101
151.4,0.000743926,2.94167,0.00218831,1.03667,1.80122
151.5,0.000751848,2.94167,0.00221159,1.03675,1.80145
151.6,0.000744562,2.94169,0.0021902,1.03682,1.80166
151.7,0.00075144,2.9417,0.00221041,1.0369,1.80189
151.8,0.000747534,2.94168,0.00219894,1.03697,1.80211
151.9,0.0007517,2.94169,0.00221117,1.03705,1.80233
152.0,0.000754989,2.94166,0.00222083,1.03712,1.80255
152.1,0.000740909,2.94174,0.00217949,1.0372,1.80277
152.2,0.000751114,2.94178,0.00220952,1.03727,1.80299
152.3,0.000744217,2.94176,0.00218924,1.03735,1.80321
152.4,0.000751482,2.9417,0.00221053,1.03742,1.80343
152.5,0.00074466,2.94176,0.00219054,1.0375,1.80365
152.6,0.000751104,2.94175,0.00220946,1.03757,1.80387
152.7,0.000754481,2.94173,0.00221938,1.03765,1.80409
152.8,0.000759957,2.94179,0.00223554,1.03772,1.80431
152.9,0.000761456,2.94168,0.0022398,1.0378,1.80454
153.0,0.000750865,2.94172,0.00220873,1.03788,1.80476
153.1,0.000743958,2.94176,0.00218848,1.03795,1.80498
153.2,0.000750751,2.94178,0.00220844,1.03803,1.8052
153.3,0.000745234,2.9418,0.00219226,1.0381,1.80542
153.4,0.00075129,2.94176,0.00221002,1.03817,1.80564
153.5,0.000752503,2.94177,0.00221359,1.03825,1.80586
153.6,0.000742471,2.94181,0.00218414,1.03832,1.80608
153.7,0.000751,2.94181,0.0022092,1.0384,1.8063
153.8,0.000746501,2.94182,0.00219601,1.03847,1.80652
153.9,0.000750877,2.94176,0.00220881,1.03855,1.80674
154.0,0.000744187,2.94179,0.00218917,1.03862,1.80696
154.1,0.000750207,2.9418,0.00220686,1.0387,1.80718
154.2,0.000751327,2.94177,0.00221013,1.03877,1.8074
154.3,0.000743837,2.94185,0.00218819,1.03885,1.80762
154.4,0.000751063,2.94176,0.00220935,1.03892,1.80784
154.5,0.000744633,2.94182,0.00219051,1.039,1.80806
154.6,0.000750633,2.94178,0.0022081,1.03907,1.80828
154.7,0.000744218,2.94181,0.00218928,1.03915,1.8085
154.8,0.000771893,2.9418,0.00227062,1.03922,1.80873
154.9,0.000741159,2.9418,0.00218027,1.0393,1.80894
155.0,0.000750706,2.94181,0.00220833,1.03937,1.80916
155.1,0.000744243,2.94184,0.00218938,1.03945,1.80938
155.2,0.000750349,2.94181,0.00220729,1.03952,1.8096
155.3,0.000745786,2.9418,0.00219388,1.0396,1.80982
155.4,0.00075089,2.94174,0.00220882,1.03967,1.81004
155.5,0.000752748,2.94177,0.00221431,1.03975,1.81027
155.6,0.000742745,2.9418,0.00218495,1.03982,1.81048
155.7,0.000751211,2.94174,0.00220977,1.0399,1.81071
155.8,0.000746306,2.94182,0.00219543,1.03997,1.81092
155.9,0.00075089,2.94187,0.00220892,1.04005,1.81115
156.0,0.000744035,2.94185,0.00218877,1.04012,1.81136
156.1,0.000751068,2.94189,0.00220946,1.0402,1.81159
156.2,0.000750759,2.94181,0.0022085,1.04027,1.81181
156.3,0.000744057,2.9419,0.00218887,1.04035,1.81203
156.4,0.000750729,2.94189,0.00220846,1.04042,1.81225
156.5,0.000743751,2.94194,0.002188,1.0405,1.81246
156.6,0.000750745,2.94187,0.0022085,1.04057,1.81269
156.7,0.000743995,2.9419,0.0021887,1.04064,1.8129
156.8,0.000762271,2.94186,0.00224237,1.04072,1.81313
156.9,0.0007513,2.94187,0.00221012,1.0408,1.81335
157.0,0.000750835,2.94184,0.00220874,1.04087,1.81357
157.1,0.00074398,2.94182,0.00218859,1.04095,1.81379
157.2,0.000750797,2.94178,0.00220857,1.04102,1.81401
157.3,0.000745196,2.94181,0.00219216,1.0411,1.81423
157.4,0.000750124,2.9418,0.00220662,1.04117,1.81445
157.5,0.000751551,2.9418,0.00221082,1.04125,1.81467
157.6,0.000742965,2.94183,0.00218561,1.04132,1.81489
157.7,0.000769047,2.94184,0.00226223,1.0414,1.81512
157.8,0.000746807,2.94185,0.00219692,1.04147,1.81534
157.9,0.000750589,2.94188,0.00220805,1.04155,1.81556
158.0,0.000744104,2.94189,0.00218901,1.04162,1.81578
158.1,0.000750522,2.94185,0.00220783,1.0417,1.816
158.2,0.000752334,2.94186,0.00221317,1.04177,1.81622
